Copyright 1986-2022 Xilinx, Inc. All Rights Reserved. Copyright 2022-2025 Advanced Micro Devices, Inc. All Rights Reserved.
------------------------------------------------------------------------------------------------------------------------------------------------------------------------------------------------------------------------------------------
| Tool Version : Vivado v.2025.1 (lin64) Build 6140274 Wed May 21 22:58:25 MDT 2025
| Date         : Fri Aug 14 02:00:18 2026
| Host         : 192 running 64-bit Debian GNU/Linux 13 (trixie)
| Command      : report_timing_summary -max_paths 10 -routable_nets -report_unconstrained -file top_module_timing_summary_routed.rpt -pb top_module_timing_summary_routed.pb -rpx top_module_timing_summary_routed.rpx -warn_on_violation
| Design       : top_module
| Device       : 7z010-clg400
| Speed File   : -1  PRODUCTION 1.12 2019-11-22
| Design State : Routed
------------------------------------------------------------------------------------------------------------------------------------------------------------------------------------------------------------------------------------------

Timing Summary Report

------------------------------------------------------------------------------------------------
| Timer Settings
| --------------
------------------------------------------------------------------------------------------------

  Enable Multi Corner Analysis               :  Yes
  Enable Pessimism Removal                   :  Yes
  Pessimism Removal Resolution               :  Nearest Common Node
  Enable Input Delay Default Clock           :  No
  Enable Preset / Clear Arcs                 :  No
  Disable Flight Delays                      :  No
  Ignore I/O Paths                           :  No
  Timing Early Launch at Borrowing Latches   :  No
  Borrow Time for Max Delay Exceptions       :  Yes
  Merge Timing Exceptions                    :  Yes
  Inter-SLR Compensation                     :  Conservative

  Corner  Analyze    Analyze    
  Name    Max Paths  Min Paths  
  ------  ---------  ---------  
  Slow    Yes        Yes        
  Fast    Yes        Yes        


------------------------------------------------------------------------------------------------
| Report Methodology
| ------------------
------------------------------------------------------------------------------------------------

Rule       Severity  Description                    Violations  
---------  --------  -----------------------------  ----------  
TIMING-18  Warning   Missing input or output delay  13          

Note: This report is based on the most recent report_methodology run and may not be up-to-date. Run report_methodology on the current design for the latest report.



check_timing report

Table of Contents
-----------------
1. checking no_clock (0)
2. checking constant_clock (0)
3. checking pulse_width_clock (0)
4. checking unconstrained_internal_endpoints (0)
5. checking no_input_delay (0)
6. checking no_output_delay (9)
7. checking multiple_clock (0)
8. checking generated_clocks (0)
9. checking loops (0)
10. checking partial_input_delay (0)
11. checking partial_output_delay (0)
12. checking latch_loops (0)

1. checking no_clock (0)
------------------------
 There are 0 register/latch pins with no clock.


2. checking constant_clock (0)
------------------------------
 There are 0 register/latch pins with constant_clock.


3. checking pulse_width_clock (0)
---------------------------------
 There are 0 register/latch pins which need pulse_width check


4. checking unconstrained_internal_endpoints (0)
------------------------------------------------
 There are 0 pins that are not constrained for maximum delay.

 There are 0 pins that are not constrained for maximum delay due to constant clock.


5. checking no_input_delay (0)
------------------------------
 There are 0 input ports with no input delay specified.

 There are 0 input ports with no input delay but user has a false path constraint.


6. checking no_output_delay (9)
-------------------------------
 There are 9 ports with no output delay specified. (HIGH)

 There are 0 ports with no output delay but user has a false path constraint

 There are 0 ports with no output delay but with a timing clock defined on it or propagating through it


7. checking multiple_clock (0)
------------------------------
 There are 0 register/latch pins with multiple clocks.


8. checking generated_clocks (0)
--------------------------------
 There are 0 generated clocks that are not connected to a clock source.


9. checking loops (0)
---------------------
 There are 0 combinational loops in the design.


10. checking partial_input_delay (0)
------------------------------------
 There are 0 input ports with partial input delay specified.


11. checking partial_output_delay (0)
-------------------------------------
 There are 0 ports with partial output delay specified.


12. checking latch_loops (0)
----------------------------
 There are 0 combinational latch loops in the design through latch input



------------------------------------------------------------------------------------------------
| Design Timing Summary
| ---------------------
------------------------------------------------------------------------------------------------

    WNS(ns)      TNS(ns)  TNS Failing Endpoints  TNS Total Endpoints      WHS(ns)      THS(ns)  THS Failing Endpoints  THS Total Endpoints     WPWS(ns)     TPWS(ns)  TPWS Failing Endpoints  TPWS Total Endpoints  
    -------      -------  ---------------------  -------------------      -------      -------  ---------------------  -------------------     --------     --------  ----------------------  --------------------  
     12.966        0.000                      0                  191        0.188        0.000                      0                  191        9.500        0.000                       0                    97  


All user specified timing constraints are met.


------------------------------------------------------------------------------------------------
| Clock Summary
| -------------
------------------------------------------------------------------------------------------------

Clock        Waveform(ns)       Period(ns)      Frequency(MHz)
-----        ------------       ----------      --------------
sys_clk_pin  {0.000 10.000}     20.000          50.000          


------------------------------------------------------------------------------------------------
| Intra Clock Table
| -----------------
------------------------------------------------------------------------------------------------

Clock             WNS(ns)      TNS(ns)  TNS Failing Endpoints  TNS Total Endpoints      WHS(ns)      THS(ns)  THS Failing Endpoints  THS Total Endpoints     WPWS(ns)     TPWS(ns)  TPWS Failing Endpoints  TPWS Total Endpoints  
-----             -------      -------  ---------------------  -------------------      -------      -------  ---------------------  -------------------     --------     --------  ----------------------  --------------------  
sys_clk_pin        12.966        0.000                      0                  191        0.188        0.000                      0                  191        9.500        0.000                       0                    97  


------------------------------------------------------------------------------------------------
| Inter Clock Table
| -----------------
------------------------------------------------------------------------------------------------

From Clock    To Clock          WNS(ns)      TNS(ns)  TNS Failing Endpoints  TNS Total Endpoints      WHS(ns)      THS(ns)  THS Failing Endpoints  THS Total Endpoints  
----------    --------          -------      -------  ---------------------  -------------------      -------      -------  ---------------------  -------------------  


------------------------------------------------------------------------------------------------
| Other Path Groups Table
| -----------------------
------------------------------------------------------------------------------------------------

Path Group    From Clock    To Clock          WNS(ns)      TNS(ns)  TNS Failing Endpoints  TNS Total Endpoints      WHS(ns)      THS(ns)  THS Failing Endpoints  THS Total Endpoints  
----------    ----------    --------          -------      -------  ---------------------  -------------------      -------      -------  ---------------------  -------------------  


------------------------------------------------------------------------------------------------
| User Ignored Path Table
| -----------------------
------------------------------------------------------------------------------------------------

Path Group    From Clock    To Clock    
----------    ----------    --------    


------------------------------------------------------------------------------------------------
| Unconstrained Path Table
| ------------------------
------------------------------------------------------------------------------------------------

Path Group    From Clock    To Clock    
----------    ----------    --------    
(none)        sys_clk_pin                 


------------------------------------------------------------------------------------------------
| Timing Details
| --------------
------------------------------------------------------------------------------------------------


---------------------------------------------------------------------------------------------------
From Clock:  sys_clk_pin
  To Clock:  sys_clk_pin

Setup :            0  Failing Endpoints,  Worst Slack       12.966ns,  Total Violation        0.000ns
Hold  :            0  Failing Endpoints,  Worst Slack        0.188ns,  Total Violation        0.000ns
PW    :            0  Failing Endpoints,  Worst Slack        9.500ns,  Total Violation        0.000ns
---------------------------------------------------------------------------------------------------


Max Delay Paths
--------------------------------------------------------------------------------------
Slack (MET) :             12.966ns  (required time - arrival time)
  Source:                 dut_LCD_ST7735/LCD_data_cnt_reg[1]/C
                            (rising edge-triggered cell FDRE clocked by sys_clk_pin  {rise@0.000ns fall@10.000ns period=20.000ns})
  Destination:            dut_LCD_ST7735/LCD_data_reg[7]/CE
                            (rising edge-triggered cell FDRE clocked by sys_clk_pin  {rise@0.000ns fall@10.000ns period=20.000ns})
  Path Group:             sys_clk_pin
  Path Type:              Setup (Max at Slow Process Corner)
  Requirement:            20.000ns  (sys_clk_pin rise@20.000ns - sys_clk_pin rise@0.000ns)
  Data Path Delay:        6.657ns  (logic 1.410ns (21.181%)  route 5.247ns (78.819%))
  Logic Levels:           4  (LUT2=1 LUT3=1 LUT6=2)
  Clock Path Skew:        -0.137ns (DCD - SCD + CPR)
    Destination Clock Delay (DCD):    4.896ns = ( 24.896 - 20.000 ) 
    Source Clock Delay      (SCD):    5.424ns
    Clock Pessimism Removal (CPR):    0.391ns
  Clock Uncertainty:      0.035ns  ((TSJ^2 + TIJ^2)^1/2 + DJ) / 2 + PE
    Total System Jitter     (TSJ):    0.071ns
    Total Input Jitter      (TIJ):    0.000ns
    Discrete Jitter          (DJ):    0.000ns
    Phase Error              (PE):    0.000ns

    Location             Delay type                Incr(ns)  Path(ns)    Netlist Resource(s)
  -------------------------------------------------------------------    -------------------
                         (clock sys_clk_pin rise edge)
                                                      0.000     0.000 r  
    K17                                               0.000     0.000 r  clk (IN)
                         net (fo=0)                   0.000     0.000    clk
    K17                  IBUF (Prop_ibuf_I_O)         1.492     1.492 r  clk_IBUF_inst/O
                         net (fo=1, routed)           2.076     3.568    clk_IBUF
    BUFGCTRL_X0Y16       BUFG (Prop_bufg_I_O)         0.101     3.669 r  clk_IBUF_BUFG_inst/O
                         net (fo=96, routed)          1.755     5.424    dut_LCD_ST7735/clk_IBUF_BUFG
    SLICE_X39Y4          FDRE                                         r  dut_LCD_ST7735/LCD_data_cnt_reg[1]/C
  -------------------------------------------------------------------    -------------------
    SLICE_X39Y4          FDRE (Prop_fdre_C_Q)         0.456     5.880 f  dut_LCD_ST7735/LCD_data_cnt_reg[1]/Q
                         net (fo=10, routed)          0.910     6.790    dut_LCD_ST7735/LCD_data_cnt_reg_n_0_[1]
    SLICE_X36Y4          LUT3 (Prop_lut3_I1_O)        0.150     6.940 r  dut_LCD_ST7735/FSM_onehot_RAMWR_state[1]_i_2/O
                         net (fo=22, routed)          1.267     8.206    dut_LCD_ST7735/FSM_onehot_RAMWR_state[1]_i_2_n_0
    SLICE_X34Y7          LUT6 (Prop_lut6_I5_O)        0.326     8.532 f  dut_LCD_ST7735/LCD_parameter[14]_i_11/O
                         net (fo=7, routed)           1.506    10.038    dut_LCD_ST7735/LCD_parameter[14]_i_11_n_0
    SLICE_X37Y4          LUT2 (Prop_lut2_I1_O)        0.152    10.190 r  dut_LCD_ST7735/LCD_data[7]_i_3/O
                         net (fo=1, routed)           0.971    11.161    dut_LCD_ST7735/LCD_data[7]_i_3_n_0
    SLICE_X37Y4          LUT6 (Prop_lut6_I1_O)        0.326    11.487 r  dut_LCD_ST7735/LCD_data[7]_i_1/O
                         net (fo=8, routed)           0.594    12.081    dut_LCD_ST7735/LCD_data[7]_i_1_n_0
    SLICE_X35Y5          FDRE                                         r  dut_LCD_ST7735/LCD_data_reg[7]/CE
  -------------------------------------------------------------------    -------------------

                         (clock sys_clk_pin rise edge)
                                                     20.000    20.000 r  
    K17                                               0.000    20.000 r  clk (IN)
                         net (fo=0)                   0.000    20.000    clk
    K17                  IBUF (Prop_ibuf_I_O)         1.421    21.421 r  clk_IBUF_inst/O
                         net (fo=1, routed)           1.880    23.301    clk_IBUF
    BUFGCTRL_X0Y16       BUFG (Prop_bufg_I_O)         0.091    23.392 r  clk_IBUF_BUFG_inst/O
                         net (fo=96, routed)          1.503    24.896    dut_LCD_ST7735/clk_IBUF_BUFG
    SLICE_X35Y5          FDRE                                         r  dut_LCD_ST7735/LCD_data_reg[7]/C
                         clock pessimism              0.391    25.287    
                         clock uncertainty           -0.035    25.251    
    SLICE_X35Y5          FDRE (Setup_fdre_C_CE)      -0.205    25.046    dut_LCD_ST7735/LCD_data_reg[7]
  -------------------------------------------------------------------
                         required time                         25.046    
                         arrival time                         -12.081    
  -------------------------------------------------------------------
                         slack                                 12.966    

Slack (MET) :             13.126ns  (required time - arrival time)
  Source:                 dut_LCD_ST7735/LCD_data_cnt_reg[1]/C
                            (rising edge-triggered cell FDRE clocked by sys_clk_pin  {rise@0.000ns fall@10.000ns period=20.000ns})
  Destination:            dut_LCD_ST7735/LCD_data_reg[2]/CE
                            (rising edge-triggered cell FDRE clocked by sys_clk_pin  {rise@0.000ns fall@10.000ns period=20.000ns})
  Path Group:             sys_clk_pin
  Path Type:              Setup (Max at Slow Process Corner)
  Requirement:            20.000ns  (sys_clk_pin rise@20.000ns - sys_clk_pin rise@0.000ns)
  Data Path Delay:        6.609ns  (logic 1.410ns (21.335%)  route 5.199ns (78.665%))
  Logic Levels:           4  (LUT2=1 LUT3=1 LUT6=2)
  Clock Path Skew:        -0.025ns (DCD - SCD + CPR)
    Destination Clock Delay (DCD):    4.970ns = ( 24.971 - 20.000 ) 
    Source Clock Delay      (SCD):    5.424ns
    Clock Pessimism Removal (CPR):    0.428ns
  Clock Uncertainty:      0.035ns  ((TSJ^2 + TIJ^2)^1/2 + DJ) / 2 + PE
    Total System Jitter     (TSJ):    0.071ns
    Total Input Jitter      (TIJ):    0.000ns
    Discrete Jitter          (DJ):    0.000ns
    Phase Error              (PE):    0.000ns

    Location             Delay type                Incr(ns)  Path(ns)    Netlist Resource(s)
  -------------------------------------------------------------------    -------------------
                         (clock sys_clk_pin rise edge)
                                                      0.000     0.000 r  
    K17                                               0.000     0.000 r  clk (IN)
                         net (fo=0)                   0.000     0.000    clk
    K17                  IBUF (Prop_ibuf_I_O)         1.492     1.492 r  clk_IBUF_inst/O
                         net (fo=1, routed)           2.076     3.568    clk_IBUF
    BUFGCTRL_X0Y16       BUFG (Prop_bufg_I_O)         0.101     3.669 r  clk_IBUF_BUFG_inst/O
                         net (fo=96, routed)          1.755     5.424    dut_LCD_ST7735/clk_IBUF_BUFG
    SLICE_X39Y4          FDRE                                         r  dut_LCD_ST7735/LCD_data_cnt_reg[1]/C
  -------------------------------------------------------------------    -------------------
    SLICE_X39Y4          FDRE (Prop_fdre_C_Q)         0.456     5.880 f  dut_LCD_ST7735/LCD_data_cnt_reg[1]/Q
                         net (fo=10, routed)          0.910     6.790    dut_LCD_ST7735/LCD_data_cnt_reg_n_0_[1]
    SLICE_X36Y4          LUT3 (Prop_lut3_I1_O)        0.150     6.940 r  dut_LCD_ST7735/FSM_onehot_RAMWR_state[1]_i_2/O
                         net (fo=22, routed)          1.267     8.206    dut_LCD_ST7735/FSM_onehot_RAMWR_state[1]_i_2_n_0
    SLICE_X34Y7          LUT6 (Prop_lut6_I5_O)        0.326     8.532 f  dut_LCD_ST7735/LCD_parameter[14]_i_11/O
                         net (fo=7, routed)           1.506    10.038    dut_LCD_ST7735/LCD_parameter[14]_i_11_n_0
    SLICE_X37Y4          LUT2 (Prop_lut2_I1_O)        0.152    10.190 r  dut_LCD_ST7735/LCD_data[7]_i_3/O
                         net (fo=1, routed)           0.971    11.161    dut_LCD_ST7735/LCD_data[7]_i_3_n_0
    SLICE_X37Y4          LUT6 (Prop_lut6_I1_O)        0.326    11.487 r  dut_LCD_ST7735/LCD_data[7]_i_1/O
                         net (fo=8, routed)           0.546    12.033    dut_LCD_ST7735/LCD_data[7]_i_1_n_0
    SLICE_X36Y5          FDRE                                         r  dut_LCD_ST7735/LCD_data_reg[2]/CE
  -------------------------------------------------------------------    -------------------

                         (clock sys_clk_pin rise edge)
                                                     20.000    20.000 r  
    K17                                               0.000    20.000 r  clk (IN)
                         net (fo=0)                   0.000    20.000    clk
    K17                  IBUF (Prop_ibuf_I_O)         1.421    21.421 r  clk_IBUF_inst/O
                         net (fo=1, routed)           1.880    23.301    clk_IBUF
    BUFGCTRL_X0Y16       BUFG (Prop_bufg_I_O)         0.091    23.392 r  clk_IBUF_BUFG_inst/O
                         net (fo=96, routed)          1.578    24.971    dut_LCD_ST7735/clk_IBUF_BUFG
    SLICE_X36Y5          FDRE                                         r  dut_LCD_ST7735/LCD_data_reg[2]/C
                         clock pessimism              0.428    25.399    
                         clock uncertainty           -0.035    25.363    
    SLICE_X36Y5          FDRE (Setup_fdre_C_CE)      -0.205    25.158    dut_LCD_ST7735/LCD_data_reg[2]
  -------------------------------------------------------------------
                         required time                         25.158    
                         arrival time                         -12.033    
  -------------------------------------------------------------------
                         slack                                 13.126    

Slack (MET) :             13.126ns  (required time - arrival time)
  Source:                 dut_LCD_ST7735/LCD_data_cnt_reg[1]/C
                            (rising edge-triggered cell FDRE clocked by sys_clk_pin  {rise@0.000ns fall@10.000ns period=20.000ns})
  Destination:            dut_LCD_ST7735/LCD_data_reg[3]/CE
                            (rising edge-triggered cell FDRE clocked by sys_clk_pin  {rise@0.000ns fall@10.000ns period=20.000ns})
  Path Group:             sys_clk_pin
  Path Type:              Setup (Max at Slow Process Corner)
  Requirement:            20.000ns  (sys_clk_pin rise@20.000ns - sys_clk_pin rise@0.000ns)
  Data Path Delay:        6.609ns  (logic 1.410ns (21.335%)  route 5.199ns (78.665%))
  Logic Levels:           4  (LUT2=1 LUT3=1 LUT6=2)
  Clock Path Skew:        -0.025ns (DCD - SCD + CPR)
    Destination Clock Delay (DCD):    4.970ns = ( 24.971 - 20.000 ) 
    Source Clock Delay      (SCD):    5.424ns
    Clock Pessimism Removal (CPR):    0.428ns
  Clock Uncertainty:      0.035ns  ((TSJ^2 + TIJ^2)^1/2 + DJ) / 2 + PE
    Total System Jitter     (TSJ):    0.071ns
    Total Input Jitter      (TIJ):    0.000ns
    Discrete Jitter          (DJ):    0.000ns
    Phase Error              (PE):    0.000ns

    Location             Delay type                Incr(ns)  Path(ns)    Netlist Resource(s)
  -------------------------------------------------------------------    -------------------
                         (clock sys_clk_pin rise edge)
                                                      0.000     0.000 r  
    K17                                               0.000     0.000 r  clk (IN)
                         net (fo=0)                   0.000     0.000    clk
    K17                  IBUF (Prop_ibuf_I_O)         1.492     1.492 r  clk_IBUF_inst/O
                         net (fo=1, routed)           2.076     3.568    clk_IBUF
    BUFGCTRL_X0Y16       BUFG (Prop_bufg_I_O)         0.101     3.669 r  clk_IBUF_BUFG_inst/O
                         net (fo=96, routed)          1.755     5.424    dut_LCD_ST7735/clk_IBUF_BUFG
    SLICE_X39Y4          FDRE                                         r  dut_LCD_ST7735/LCD_data_cnt_reg[1]/C
  -------------------------------------------------------------------    -------------------
    SLICE_X39Y4          FDRE (Prop_fdre_C_Q)         0.456     5.880 f  dut_LCD_ST7735/LCD_data_cnt_reg[1]/Q
                         net (fo=10, routed)          0.910     6.790    dut_LCD_ST7735/LCD_data_cnt_reg_n_0_[1]
    SLICE_X36Y4          LUT3 (Prop_lut3_I1_O)        0.150     6.940 r  dut_LCD_ST7735/FSM_onehot_RAMWR_state[1]_i_2/O
                         net (fo=22, routed)          1.267     8.206    dut_LCD_ST7735/FSM_onehot_RAMWR_state[1]_i_2_n_0
    SLICE_X34Y7          LUT6 (Prop_lut6_I5_O)        0.326     8.532 f  dut_LCD_ST7735/LCD_parameter[14]_i_11/O
                         net (fo=7, routed)           1.506    10.038    dut_LCD_ST7735/LCD_parameter[14]_i_11_n_0
    SLICE_X37Y4          LUT2 (Prop_lut2_I1_O)        0.152    10.190 r  dut_LCD_ST7735/LCD_data[7]_i_3/O
                         net (fo=1, routed)           0.971    11.161    dut_LCD_ST7735/LCD_data[7]_i_3_n_0
    SLICE_X37Y4          LUT6 (Prop_lut6_I1_O)        0.326    11.487 r  dut_LCD_ST7735/LCD_data[7]_i_1/O
                         net (fo=8, routed)           0.546    12.033    dut_LCD_ST7735/LCD_data[7]_i_1_n_0
    SLICE_X36Y5          FDRE                                         r  dut_LCD_ST7735/LCD_data_reg[3]/CE
  -------------------------------------------------------------------    -------------------

                         (clock sys_clk_pin rise edge)
                                                     20.000    20.000 r  
    K17                                               0.000    20.000 r  clk (IN)
                         net (fo=0)                   0.000    20.000    clk
    K17                  IBUF (Prop_ibuf_I_O)         1.421    21.421 r  clk_IBUF_inst/O
                         net (fo=1, routed)           1.880    23.301    clk_IBUF
    BUFGCTRL_X0Y16       BUFG (Prop_bufg_I_O)         0.091    23.392 r  clk_IBUF_BUFG_inst/O
                         net (fo=96, routed)          1.578    24.971    dut_LCD_ST7735/clk_IBUF_BUFG
    SLICE_X36Y5          FDRE                                         r  dut_LCD_ST7735/LCD_data_reg[3]/C
                         clock pessimism              0.428    25.399    
                         clock uncertainty           -0.035    25.363    
    SLICE_X36Y5          FDRE (Setup_fdre_C_CE)      -0.205    25.158    dut_LCD_ST7735/LCD_data_reg[3]
  -------------------------------------------------------------------
                         required time                         25.158    
                         arrival time                         -12.033    
  -------------------------------------------------------------------
                         slack                                 13.126    

Slack (MET) :             13.126ns  (required time - arrival time)
  Source:                 dut_LCD_ST7735/LCD_data_cnt_reg[1]/C
                            (rising edge-triggered cell FDRE clocked by sys_clk_pin  {rise@0.000ns fall@10.000ns period=20.000ns})
  Destination:            dut_LCD_ST7735/LCD_data_reg[6]/CE
                            (rising edge-triggered cell FDRE clocked by sys_clk_pin  {rise@0.000ns fall@10.000ns period=20.000ns})
  Path Group:             sys_clk_pin
  Path Type:              Setup (Max at Slow Process Corner)
  Requirement:            20.000ns  (sys_clk_pin rise@20.000ns - sys_clk_pin rise@0.000ns)
  Data Path Delay:        6.609ns  (logic 1.410ns (21.335%)  route 5.199ns (78.665%))
  Logic Levels:           4  (LUT2=1 LUT3=1 LUT6=2)
  Clock Path Skew:        -0.025ns (DCD - SCD + CPR)
    Destination Clock Delay (DCD):    4.970ns = ( 24.971 - 20.000 ) 
    Source Clock Delay      (SCD):    5.424ns
    Clock Pessimism Removal (CPR):    0.428ns
  Clock Uncertainty:      0.035ns  ((TSJ^2 + TIJ^2)^1/2 + DJ) / 2 + PE
    Total System Jitter     (TSJ):    0.071ns
    Total Input Jitter      (TIJ):    0.000ns
    Discrete Jitter          (DJ):    0.000ns
    Phase Error              (PE):    0.000ns

    Location             Delay type                Incr(ns)  Path(ns)    Netlist Resource(s)
  -------------------------------------------------------------------    -------------------
                         (clock sys_clk_pin rise edge)
                                                      0.000     0.000 r  
    K17                                               0.000     0.000 r  clk (IN)
                         net (fo=0)                   0.000     0.000    clk
    K17                  IBUF (Prop_ibuf_I_O)         1.492     1.492 r  clk_IBUF_inst/O
                         net (fo=1, routed)           2.076     3.568    clk_IBUF
    BUFGCTRL_X0Y16       BUFG (Prop_bufg_I_O)         0.101     3.669 r  clk_IBUF_BUFG_inst/O
                         net (fo=96, routed)          1.755     5.424    dut_LCD_ST7735/clk_IBUF_BUFG
    SLICE_X39Y4          FDRE                                         r  dut_LCD_ST7735/LCD_data_cnt_reg[1]/C
  -------------------------------------------------------------------    -------------------
    SLICE_X39Y4          FDRE (Prop_fdre_C_Q)         0.456     5.880 f  dut_LCD_ST7735/LCD_data_cnt_reg[1]/Q
                         net (fo=10, routed)          0.910     6.790    dut_LCD_ST7735/LCD_data_cnt_reg_n_0_[1]
    SLICE_X36Y4          LUT3 (Prop_lut3_I1_O)        0.150     6.940 r  dut_LCD_ST7735/FSM_onehot_RAMWR_state[1]_i_2/O
                         net (fo=22, routed)          1.267     8.206    dut_LCD_ST7735/FSM_onehot_RAMWR_state[1]_i_2_n_0
    SLICE_X34Y7          LUT6 (Prop_lut6_I5_O)        0.326     8.532 f  dut_LCD_ST7735/LCD_parameter[14]_i_11/O
                         net (fo=7, routed)           1.506    10.038    dut_LCD_ST7735/LCD_parameter[14]_i_11_n_0
    SLICE_X37Y4          LUT2 (Prop_lut2_I1_O)        0.152    10.190 r  dut_LCD_ST7735/LCD_data[7]_i_3/O
                         net (fo=1, routed)           0.971    11.161    dut_LCD_ST7735/LCD_data[7]_i_3_n_0
    SLICE_X37Y4          LUT6 (Prop_lut6_I1_O)        0.326    11.487 r  dut_LCD_ST7735/LCD_data[7]_i_1/O
                         net (fo=8, routed)           0.546    12.033    dut_LCD_ST7735/LCD_data[7]_i_1_n_0
    SLICE_X36Y5          FDRE                                         r  dut_LCD_ST7735/LCD_data_reg[6]/CE
  -------------------------------------------------------------------    -------------------

                         (clock sys_clk_pin rise edge)
                                                     20.000    20.000 r  
    K17                                               0.000    20.000 r  clk (IN)
                         net (fo=0)                   0.000    20.000    clk
    K17                  IBUF (Prop_ibuf_I_O)         1.421    21.421 r  clk_IBUF_inst/O
                         net (fo=1, routed)           1.880    23.301    clk_IBUF
    BUFGCTRL_X0Y16       BUFG (Prop_bufg_I_O)         0.091    23.392 r  clk_IBUF_BUFG_inst/O
                         net (fo=96, routed)          1.578    24.971    dut_LCD_ST7735/clk_IBUF_BUFG
    SLICE_X36Y5          FDRE                                         r  dut_LCD_ST7735/LCD_data_reg[6]/C
                         clock pessimism              0.428    25.399    
                         clock uncertainty           -0.035    25.363    
    SLICE_X36Y5          FDRE (Setup_fdre_C_CE)      -0.205    25.158    dut_LCD_ST7735/LCD_data_reg[6]
  -------------------------------------------------------------------
                         required time                         25.158    
                         arrival time                         -12.033    
  -------------------------------------------------------------------
                         slack                                 13.126    

Slack (MET) :             13.147ns  (required time - arrival time)
  Source:                 counter_reg[8]/C
                            (rising edge-triggered cell FDRE clocked by sys_clk_pin  {rise@0.000ns fall@10.000ns period=20.000ns})
  Destination:            dut_LCD_ST7735/LCD_SDA_reg/CE
                            (rising edge-triggered cell FDRE clocked by sys_clk_pin  {rise@0.000ns fall@10.000ns period=20.000ns})
  Path Group:             sys_clk_pin
  Path Type:              Setup (Max at Slow Process Corner)
  Requirement:            20.000ns  (sys_clk_pin rise@20.000ns - sys_clk_pin rise@0.000ns)
  Data Path Delay:        6.554ns  (logic 1.412ns (21.545%)  route 5.142ns (78.455%))
  Logic Levels:           4  (LUT4=1 LUT5=2 LUT6=1)
  Clock Path Skew:        -0.059ns (DCD - SCD + CPR)
    Destination Clock Delay (DCD):    4.970ns = ( 24.971 - 20.000 ) 
    Source Clock Delay      (SCD):    5.421ns
    Clock Pessimism Removal (CPR):    0.391ns
  Clock Uncertainty:      0.035ns  ((TSJ^2 + TIJ^2)^1/2 + DJ) / 2 + PE
    Total System Jitter     (TSJ):    0.071ns
    Total Input Jitter      (TIJ):    0.000ns
    Discrete Jitter          (DJ):    0.000ns
    Phase Error              (PE):    0.000ns

    Location             Delay type                Incr(ns)  Path(ns)    Netlist Resource(s)
  -------------------------------------------------------------------    -------------------
                         (clock sys_clk_pin rise edge)
                                                      0.000     0.000 r  
    K17                                               0.000     0.000 r  clk (IN)
                         net (fo=0)                   0.000     0.000    clk
    K17                  IBUF (Prop_ibuf_I_O)         1.492     1.492 r  clk_IBUF_inst/O
                         net (fo=1, routed)           2.076     3.568    clk_IBUF
    BUFGCTRL_X0Y16       BUFG (Prop_bufg_I_O)         0.101     3.669 r  clk_IBUF_BUFG_inst/O
                         net (fo=96, routed)          1.752     5.421    clk_IBUF_BUFG
    SLICE_X40Y13         FDRE                                         r  counter_reg[8]/C
  -------------------------------------------------------------------    -------------------
    SLICE_X40Y13         FDRE (Prop_fdre_C_Q)         0.456     5.877 f  counter_reg[8]/Q
                         net (fo=5, routed)           0.884     6.761    dut_LCD_ST7735/Q[8]
    SLICE_X40Y13         LUT4 (Prop_lut4_I1_O)        0.124     6.885 f  dut_LCD_ST7735/LED[7]_i_4/O
                         net (fo=4, routed)           1.038     7.923    dut_clk_module/LED_reg[7]_0
    SLICE_X40Y12         LUT5 (Prop_lut5_I3_O)        0.152     8.075 f  dut_clk_module/LCD_parameter[14]_i_8/O
                         net (fo=16, routed)          1.721     9.796    dut_LCD_ST7735/LCD_parameter_reg[15]_0
    SLICE_X38Y5          LUT5 (Prop_lut5_I0_O)        0.352    10.148 r  dut_LCD_ST7735/LCD_data_cnt[2]_i_2/O
                         net (fo=5, routed)           0.830    10.979    dut_LCD_ST7735/LCD_data_cnt[2]_i_2_n_0
    SLICE_X39Y6          LUT6 (Prop_lut6_I0_O)        0.328    11.307 r  dut_LCD_ST7735/LCD_SDA_i_1/O
                         net (fo=1, routed)           0.668    11.974    dut_LCD_ST7735/LCD_SDA1_out
    SLICE_X36Y3          FDRE                                         r  dut_LCD_ST7735/LCD_SDA_reg/CE
  -------------------------------------------------------------------    -------------------

                         (clock sys_clk_pin rise edge)
                                                     20.000    20.000 r  
    K17                                               0.000    20.000 r  clk (IN)
                         net (fo=0)                   0.000    20.000    clk
    K17                  IBUF (Prop_ibuf_I_O)         1.421    21.421 r  clk_IBUF_inst/O
                         net (fo=1, routed)           1.880    23.301    clk_IBUF
    BUFGCTRL_X0Y16       BUFG (Prop_bufg_I_O)         0.091    23.392 r  clk_IBUF_BUFG_inst/O
                         net (fo=96, routed)          1.578    24.971    dut_LCD_ST7735/clk_IBUF_BUFG
    SLICE_X36Y3          FDRE                                         r  dut_LCD_ST7735/LCD_SDA_reg/C
                         clock pessimism              0.391    25.362    
                         clock uncertainty           -0.035    25.326    
    SLICE_X36Y3          FDRE (Setup_fdre_C_CE)      -0.205    25.121    dut_LCD_ST7735/LCD_SDA_reg
  -------------------------------------------------------------------
                         required time                         25.121    
                         arrival time                         -11.974    
  -------------------------------------------------------------------
                         slack                                 13.147    

Slack (MET) :             13.269ns  (required time - arrival time)
  Source:                 dut_LCD_ST7735/LCD_data_cnt_reg[1]/C
                            (rising edge-triggered cell FDRE clocked by sys_clk_pin  {rise@0.000ns fall@10.000ns period=20.000ns})
  Destination:            dut_LCD_ST7735/LCD_data_reg[0]/CE
                            (rising edge-triggered cell FDRE clocked by sys_clk_pin  {rise@0.000ns fall@10.000ns period=20.000ns})
  Path Group:             sys_clk_pin
  Path Type:              Setup (Max at Slow Process Corner)
  Requirement:            20.000ns  (sys_clk_pin rise@20.000ns - sys_clk_pin rise@0.000ns)
  Data Path Delay:        6.466ns  (logic 1.410ns (21.807%)  route 5.056ns (78.193%))
  Logic Levels:           4  (LUT2=1 LUT3=1 LUT6=2)
  Clock Path Skew:        -0.025ns (DCD - SCD + CPR)
    Destination Clock Delay (DCD):    4.970ns = ( 24.971 - 20.000 ) 
    Source Clock Delay      (SCD):    5.424ns
    Clock Pessimism Removal (CPR):    0.428ns
  Clock Uncertainty:      0.035ns  ((TSJ^2 + TIJ^2)^1/2 + DJ) / 2 + PE
    Total System Jitter     (TSJ):    0.071ns
    Total Input Jitter      (TIJ):    0.000ns
    Discrete Jitter          (DJ):    0.000ns
    Phase Error              (PE):    0.000ns

    Location             Delay type                Incr(ns)  Path(ns)    Netlist Resource(s)
  -------------------------------------------------------------------    -------------------
                         (clock sys_clk_pin rise edge)
                                                      0.000     0.000 r  
    K17                                               0.000     0.000 r  clk (IN)
                         net (fo=0)                   0.000     0.000    clk
    K17                  IBUF (Prop_ibuf_I_O)         1.492     1.492 r  clk_IBUF_inst/O
                         net (fo=1, routed)           2.076     3.568    clk_IBUF
    BUFGCTRL_X0Y16       BUFG (Prop_bufg_I_O)         0.101     3.669 r  clk_IBUF_BUFG_inst/O
                         net (fo=96, routed)          1.755     5.424    dut_LCD_ST7735/clk_IBUF_BUFG
    SLICE_X39Y4          FDRE                                         r  dut_LCD_ST7735/LCD_data_cnt_reg[1]/C
  -------------------------------------------------------------------    -------------------
    SLICE_X39Y4          FDRE (Prop_fdre_C_Q)         0.456     5.880 f  dut_LCD_ST7735/LCD_data_cnt_reg[1]/Q
                         net (fo=10, routed)          0.910     6.790    dut_LCD_ST7735/LCD_data_cnt_reg_n_0_[1]
    SLICE_X36Y4          LUT3 (Prop_lut3_I1_O)        0.150     6.940 r  dut_LCD_ST7735/FSM_onehot_RAMWR_state[1]_i_2/O
                         net (fo=22, routed)          1.267     8.206    dut_LCD_ST7735/FSM_onehot_RAMWR_state[1]_i_2_n_0
    SLICE_X34Y7          LUT6 (Prop_lut6_I5_O)        0.326     8.532 f  dut_LCD_ST7735/LCD_parameter[14]_i_11/O
                         net (fo=7, routed)           1.506    10.038    dut_LCD_ST7735/LCD_parameter[14]_i_11_n_0
    SLICE_X37Y4          LUT2 (Prop_lut2_I1_O)        0.152    10.190 r  dut_LCD_ST7735/LCD_data[7]_i_3/O
                         net (fo=1, routed)           0.971    11.161    dut_LCD_ST7735/LCD_data[7]_i_3_n_0
    SLICE_X37Y4          LUT6 (Prop_lut6_I1_O)        0.326    11.487 r  dut_LCD_ST7735/LCD_data[7]_i_1/O
                         net (fo=8, routed)           0.403    11.890    dut_LCD_ST7735/LCD_data[7]_i_1_n_0
    SLICE_X36Y4          FDRE                                         r  dut_LCD_ST7735/LCD_data_reg[0]/CE
  -------------------------------------------------------------------    -------------------

                         (clock sys_clk_pin rise edge)
                                                     20.000    20.000 r  
    K17                                               0.000    20.000 r  clk (IN)
                         net (fo=0)                   0.000    20.000    clk
    K17                  IBUF (Prop_ibuf_I_O)         1.421    21.421 r  clk_IBUF_inst/O
                         net (fo=1, routed)           1.880    23.301    clk_IBUF
    BUFGCTRL_X0Y16       BUFG (Prop_bufg_I_O)         0.091    23.392 r  clk_IBUF_BUFG_inst/O
                         net (fo=96, routed)          1.578    24.971    dut_LCD_ST7735/clk_IBUF_BUFG
    SLICE_X36Y4          FDRE                                         r  dut_LCD_ST7735/LCD_data_reg[0]/C
                         clock pessimism              0.428    25.399    
                         clock uncertainty           -0.035    25.363    
    SLICE_X36Y4          FDRE (Setup_fdre_C_CE)      -0.205    25.158    dut_LCD_ST7735/LCD_data_reg[0]
  -------------------------------------------------------------------
                         required time                         25.158    
                         arrival time                         -11.890    
  -------------------------------------------------------------------
                         slack                                 13.269    

Slack (MET) :             13.308ns  (required time - arrival time)
  Source:                 dut_LCD_ST7735/LCD_data_cnt_reg[1]/C
                            (rising edge-triggered cell FDRE clocked by sys_clk_pin  {rise@0.000ns fall@10.000ns period=20.000ns})
  Destination:            dut_LCD_ST7735/LCD_data_reg[1]/CE
                            (rising edge-triggered cell FDRE clocked by sys_clk_pin  {rise@0.000ns fall@10.000ns period=20.000ns})
  Path Group:             sys_clk_pin
  Path Type:              Setup (Max at Slow Process Corner)
  Requirement:            20.000ns  (sys_clk_pin rise@20.000ns - sys_clk_pin rise@0.000ns)
  Data Path Delay:        6.426ns  (logic 1.410ns (21.941%)  route 5.016ns (78.059%))
  Logic Levels:           4  (LUT2=1 LUT3=1 LUT6=2)
  Clock Path Skew:        -0.025ns (DCD - SCD + CPR)
    Destination Clock Delay (DCD):    4.970ns = ( 24.971 - 20.000 ) 
    Source Clock Delay      (SCD):    5.424ns
    Clock Pessimism Removal (CPR):    0.428ns
  Clock Uncertainty:      0.035ns  ((TSJ^2 + TIJ^2)^1/2 + DJ) / 2 + PE
    Total System Jitter     (TSJ):    0.071ns
    Total Input Jitter      (TIJ):    0.000ns
    Discrete Jitter          (DJ):    0.000ns
    Phase Error              (PE):    0.000ns

    Location             Delay type                Incr(ns)  Path(ns)    Netlist Resource(s)
  -------------------------------------------------------------------    -------------------
                         (clock sys_clk_pin rise edge)
                                                      0.000     0.000 r  
    K17                                               0.000     0.000 r  clk (IN)
                         net (fo=0)                   0.000     0.000    clk
    K17                  IBUF (Prop_ibuf_I_O)         1.492     1.492 r  clk_IBUF_inst/O
                         net (fo=1, routed)           2.076     3.568    clk_IBUF
    BUFGCTRL_X0Y16       BUFG (Prop_bufg_I_O)         0.101     3.669 r  clk_IBUF_BUFG_inst/O
                         net (fo=96, routed)          1.755     5.424    dut_LCD_ST7735/clk_IBUF_BUFG
    SLICE_X39Y4          FDRE                                         r  dut_LCD_ST7735/LCD_data_cnt_reg[1]/C
  -------------------------------------------------------------------    -------------------
    SLICE_X39Y4          FDRE (Prop_fdre_C_Q)         0.456     5.880 f  dut_LCD_ST7735/LCD_data_cnt_reg[1]/Q
                         net (fo=10, routed)          0.910     6.790    dut_LCD_ST7735/LCD_data_cnt_reg_n_0_[1]
    SLICE_X36Y4          LUT3 (Prop_lut3_I1_O)        0.150     6.940 r  dut_LCD_ST7735/FSM_onehot_RAMWR_state[1]_i_2/O
                         net (fo=22, routed)          1.267     8.206    dut_LCD_ST7735/FSM_onehot_RAMWR_state[1]_i_2_n_0
    SLICE_X34Y7          LUT6 (Prop_lut6_I5_O)        0.326     8.532 f  dut_LCD_ST7735/LCD_parameter[14]_i_11/O
                         net (fo=7, routed)           1.506    10.038    dut_LCD_ST7735/LCD_parameter[14]_i_11_n_0
    SLICE_X37Y4          LUT2 (Prop_lut2_I1_O)        0.152    10.190 r  dut_LCD_ST7735/LCD_data[7]_i_3/O
                         net (fo=1, routed)           0.971    11.161    dut_LCD_ST7735/LCD_data[7]_i_3_n_0
    SLICE_X37Y4          LUT6 (Prop_lut6_I1_O)        0.326    11.487 r  dut_LCD_ST7735/LCD_data[7]_i_1/O
                         net (fo=8, routed)           0.363    11.850    dut_LCD_ST7735/LCD_data[7]_i_1_n_0
    SLICE_X37Y5          FDRE                                         r  dut_LCD_ST7735/LCD_data_reg[1]/CE
  -------------------------------------------------------------------    -------------------

                         (clock sys_clk_pin rise edge)
                                                     20.000    20.000 r  
    K17                                               0.000    20.000 r  clk (IN)
                         net (fo=0)                   0.000    20.000    clk
    K17                  IBUF (Prop_ibuf_I_O)         1.421    21.421 r  clk_IBUF_inst/O
                         net (fo=1, routed)           1.880    23.301    clk_IBUF
    BUFGCTRL_X0Y16       BUFG (Prop_bufg_I_O)         0.091    23.392 r  clk_IBUF_BUFG_inst/O
                         net (fo=96, routed)          1.578    24.971    dut_LCD_ST7735/clk_IBUF_BUFG
    SLICE_X37Y5          FDRE                                         r  dut_LCD_ST7735/LCD_data_reg[1]/C
                         clock pessimism              0.428    25.399    
                         clock uncertainty           -0.035    25.363    
    SLICE_X37Y5          FDRE (Setup_fdre_C_CE)      -0.205    25.158    dut_LCD_ST7735/LCD_data_reg[1]
  -------------------------------------------------------------------
                         required time                         25.158    
                         arrival time                         -11.850    
  -------------------------------------------------------------------
                         slack                                 13.308    

Slack (MET) :             13.308ns  (required time - arrival time)
  Source:                 dut_LCD_ST7735/LCD_data_cnt_reg[1]/C
                            (rising edge-triggered cell FDRE clocked by sys_clk_pin  {rise@0.000ns fall@10.000ns period=20.000ns})
  Destination:            dut_LCD_ST7735/LCD_data_reg[4]/CE
                            (rising edge-triggered cell FDRE clocked by sys_clk_pin  {rise@0.000ns fall@10.000ns period=20.000ns})
  Path Group:             sys_clk_pin
  Path Type:              Setup (Max at Slow Process Corner)
  Requirement:            20.000ns  (sys_clk_pin rise@20.000ns - sys_clk_pin rise@0.000ns)
  Data Path Delay:        6.426ns  (logic 1.410ns (21.941%)  route 5.016ns (78.059%))
  Logic Levels:           4  (LUT2=1 LUT3=1 LUT6=2)
  Clock Path Skew:        -0.025ns (DCD - SCD + CPR)
    Destination Clock Delay (DCD):    4.970ns = ( 24.971 - 20.000 ) 
    Source Clock Delay      (SCD):    5.424ns
    Clock Pessimism Removal (CPR):    0.428ns
  Clock Uncertainty:      0.035ns  ((TSJ^2 + TIJ^2)^1/2 + DJ) / 2 + PE
    Total System Jitter     (TSJ):    0.071ns
    Total Input Jitter      (TIJ):    0.000ns
    Discrete Jitter          (DJ):    0.000ns
    Phase Error              (PE):    0.000ns

    Location             Delay type                Incr(ns)  Path(ns)    Netlist Resource(s)
  -------------------------------------------------------------------    -------------------
                         (clock sys_clk_pin rise edge)
                                                      0.000     0.000 r  
    K17                                               0.000     0.000 r  clk (IN)
                         net (fo=0)                   0.000     0.000    clk
    K17                  IBUF (Prop_ibuf_I_O)         1.492     1.492 r  clk_IBUF_inst/O
                         net (fo=1, routed)           2.076     3.568    clk_IBUF
    BUFGCTRL_X0Y16       BUFG (Prop_bufg_I_O)         0.101     3.669 r  clk_IBUF_BUFG_inst/O
                         net (fo=96, routed)          1.755     5.424    dut_LCD_ST7735/clk_IBUF_BUFG
    SLICE_X39Y4          FDRE                                         r  dut_LCD_ST7735/LCD_data_cnt_reg[1]/C
  -------------------------------------------------------------------    -------------------
    SLICE_X39Y4          FDRE (Prop_fdre_C_Q)         0.456     5.880 f  dut_LCD_ST7735/LCD_data_cnt_reg[1]/Q
                         net (fo=10, routed)          0.910     6.790    dut_LCD_ST7735/LCD_data_cnt_reg_n_0_[1]
    SLICE_X36Y4          LUT3 (Prop_lut3_I1_O)        0.150     6.940 r  dut_LCD_ST7735/FSM_onehot_RAMWR_state[1]_i_2/O
                         net (fo=22, routed)          1.267     8.206    dut_LCD_ST7735/FSM_onehot_RAMWR_state[1]_i_2_n_0
    SLICE_X34Y7          LUT6 (Prop_lut6_I5_O)        0.326     8.532 f  dut_LCD_ST7735/LCD_parameter[14]_i_11/O
                         net (fo=7, routed)           1.506    10.038    dut_LCD_ST7735/LCD_parameter[14]_i_11_n_0
    SLICE_X37Y4          LUT2 (Prop_lut2_I1_O)        0.152    10.190 r  dut_LCD_ST7735/LCD_data[7]_i_3/O
                         net (fo=1, routed)           0.971    11.161    dut_LCD_ST7735/LCD_data[7]_i_3_n_0
    SLICE_X37Y4          LUT6 (Prop_lut6_I1_O)        0.326    11.487 r  dut_LCD_ST7735/LCD_data[7]_i_1/O
                         net (fo=8, routed)           0.363    11.850    dut_LCD_ST7735/LCD_data[7]_i_1_n_0
    SLICE_X37Y5          FDRE                                         r  dut_LCD_ST7735/LCD_data_reg[4]/CE
  -------------------------------------------------------------------    -------------------

                         (clock sys_clk_pin rise edge)
                                                     20.000    20.000 r  
    K17                                               0.000    20.000 r  clk (IN)
                         net (fo=0)                   0.000    20.000    clk
    K17                  IBUF (Prop_ibuf_I_O)         1.421    21.421 r  clk_IBUF_inst/O
                         net (fo=1, routed)           1.880    23.301    clk_IBUF
    BUFGCTRL_X0Y16       BUFG (Prop_bufg_I_O)         0.091    23.392 r  clk_IBUF_BUFG_inst/O
                         net (fo=96, routed)          1.578    24.971    dut_LCD_ST7735/clk_IBUF_BUFG
    SLICE_X37Y5          FDRE                                         r  dut_LCD_ST7735/LCD_data_reg[4]/C
                         clock pessimism              0.428    25.399    
                         clock uncertainty           -0.035    25.363    
    SLICE_X37Y5          FDRE (Setup_fdre_C_CE)      -0.205    25.158    dut_LCD_ST7735/LCD_data_reg[4]
  -------------------------------------------------------------------
                         required time                         25.158    
                         arrival time                         -11.850    
  -------------------------------------------------------------------
                         slack                                 13.308    

Slack (MET) :             13.308ns  (required time - arrival time)
  Source:                 dut_LCD_ST7735/LCD_data_cnt_reg[1]/C
                            (rising edge-triggered cell FDRE clocked by sys_clk_pin  {rise@0.000ns fall@10.000ns period=20.000ns})
  Destination:            dut_LCD_ST7735/LCD_data_reg[5]/CE
                            (rising edge-triggered cell FDRE clocked by sys_clk_pin  {rise@0.000ns fall@10.000ns period=20.000ns})
  Path Group:             sys_clk_pin
  Path Type:              Setup (Max at Slow Process Corner)
  Requirement:            20.000ns  (sys_clk_pin rise@20.000ns - sys_clk_pin rise@0.000ns)
  Data Path Delay:        6.426ns  (logic 1.410ns (21.941%)  route 5.016ns (78.059%))
  Logic Levels:           4  (LUT2=1 LUT3=1 LUT6=2)
  Clock Path Skew:        -0.025ns (DCD - SCD + CPR)
    Destination Clock Delay (DCD):    4.970ns = ( 24.971 - 20.000 ) 
    Source Clock Delay      (SCD):    5.424ns
    Clock Pessimism Removal (CPR):    0.428ns
  Clock Uncertainty:      0.035ns  ((TSJ^2 + TIJ^2)^1/2 + DJ) / 2 + PE
    Total System Jitter     (TSJ):    0.071ns
    Total Input Jitter      (TIJ):    0.000ns
    Discrete Jitter          (DJ):    0.000ns
    Phase Error              (PE):    0.000ns

    Location             Delay type                Incr(ns)  Path(ns)    Netlist Resource(s)
  -------------------------------------------------------------------    -------------------
                         (clock sys_clk_pin rise edge)
                                                      0.000     0.000 r  
    K17                                               0.000     0.000 r  clk (IN)
                         net (fo=0)                   0.000     0.000    clk
    K17                  IBUF (Prop_ibuf_I_O)         1.492     1.492 r  clk_IBUF_inst/O
                         net (fo=1, routed)           2.076     3.568    clk_IBUF
    BUFGCTRL_X0Y16       BUFG (Prop_bufg_I_O)         0.101     3.669 r  clk_IBUF_BUFG_inst/O
                         net (fo=96, routed)          1.755     5.424    dut_LCD_ST7735/clk_IBUF_BUFG
    SLICE_X39Y4          FDRE                                         r  dut_LCD_ST7735/LCD_data_cnt_reg[1]/C
  -------------------------------------------------------------------    -------------------
    SLICE_X39Y4          FDRE (Prop_fdre_C_Q)         0.456     5.880 f  dut_LCD_ST7735/LCD_data_cnt_reg[1]/Q
                         net (fo=10, routed)          0.910     6.790    dut_LCD_ST7735/LCD_data_cnt_reg_n_0_[1]
    SLICE_X36Y4          LUT3 (Prop_lut3_I1_O)        0.150     6.940 r  dut_LCD_ST7735/FSM_onehot_RAMWR_state[1]_i_2/O
                         net (fo=22, routed)          1.267     8.206    dut_LCD_ST7735/FSM_onehot_RAMWR_state[1]_i_2_n_0
    SLICE_X34Y7          LUT6 (Prop_lut6_I5_O)        0.326     8.532 f  dut_LCD_ST7735/LCD_parameter[14]_i_11/O
                         net (fo=7, routed)           1.506    10.038    dut_LCD_ST7735/LCD_parameter[14]_i_11_n_0
    SLICE_X37Y4          LUT2 (Prop_lut2_I1_O)        0.152    10.190 r  dut_LCD_ST7735/LCD_data[7]_i_3/O
                         net (fo=1, routed)           0.971    11.161    dut_LCD_ST7735/LCD_data[7]_i_3_n_0
    SLICE_X37Y4          LUT6 (Prop_lut6_I1_O)        0.326    11.487 r  dut_LCD_ST7735/LCD_data[7]_i_1/O
                         net (fo=8, routed)           0.363    11.850    dut_LCD_ST7735/LCD_data[7]_i_1_n_0
    SLICE_X37Y5          FDRE                                         r  dut_LCD_ST7735/LCD_data_reg[5]/CE
  -------------------------------------------------------------------    -------------------

                         (clock sys_clk_pin rise edge)
                                                     20.000    20.000 r  
    K17                                               0.000    20.000 r  clk (IN)
                         net (fo=0)                   0.000    20.000    clk
    K17                  IBUF (Prop_ibuf_I_O)         1.421    21.421 r  clk_IBUF_inst/O
                         net (fo=1, routed)           1.880    23.301    clk_IBUF
    BUFGCTRL_X0Y16       BUFG (Prop_bufg_I_O)         0.091    23.392 r  clk_IBUF_BUFG_inst/O
                         net (fo=96, routed)          1.578    24.971    dut_LCD_ST7735/clk_IBUF_BUFG
    SLICE_X37Y5          FDRE                                         r  dut_LCD_ST7735/LCD_data_reg[5]/C
                         clock pessimism              0.428    25.399    
                         clock uncertainty           -0.035    25.363    
    SLICE_X37Y5          FDRE (Setup_fdre_C_CE)      -0.205    25.158    dut_LCD_ST7735/LCD_data_reg[5]
  -------------------------------------------------------------------
                         required time                         25.158    
                         arrival time                         -11.850    
  -------------------------------------------------------------------
                         slack                                 13.308    

Slack (MET) :             13.368ns  (required time - arrival time)
  Source:                 counter_reg[8]/C
                            (rising edge-triggered cell FDRE clocked by sys_clk_pin  {rise@0.000ns fall@10.000ns period=20.000ns})
  Destination:            dut_LCD_ST7735/LCD_DCX_reg/CE
                            (rising edge-triggered cell FDRE clocked by sys_clk_pin  {rise@0.000ns fall@10.000ns period=20.000ns})
  Path Group:             sys_clk_pin
  Path Type:              Setup (Max at Slow Process Corner)
  Requirement:            20.000ns  (sys_clk_pin rise@20.000ns - sys_clk_pin rise@0.000ns)
  Data Path Delay:        6.333ns  (logic 1.412ns (22.296%)  route 4.921ns (77.704%))
  Logic Levels:           4  (LUT4=1 LUT5=2 LUT6=1)
  Clock Path Skew:        -0.059ns (DCD - SCD + CPR)
    Destination Clock Delay (DCD):    4.970ns = ( 24.971 - 20.000 ) 
    Source Clock Delay      (SCD):    5.421ns
    Clock Pessimism Removal (CPR):    0.391ns
  Clock Uncertainty:      0.035ns  ((TSJ^2 + TIJ^2)^1/2 + DJ) / 2 + PE
    Total System Jitter     (TSJ):    0.071ns
    Total Input Jitter      (TIJ):    0.000ns
    Discrete Jitter          (DJ):    0.000ns
    Phase Error              (PE):    0.000ns

    Location             Delay type                Incr(ns)  Path(ns)    Netlist Resource(s)
  -------------------------------------------------------------------    -------------------
                         (clock sys_clk_pin rise edge)
                                                      0.000     0.000 r  
    K17                                               0.000     0.000 r  clk (IN)
                         net (fo=0)                   0.000     0.000    clk
    K17                  IBUF (Prop_ibuf_I_O)         1.492     1.492 r  clk_IBUF_inst/O
                         net (fo=1, routed)           2.076     3.568    clk_IBUF
    BUFGCTRL_X0Y16       BUFG (Prop_bufg_I_O)         0.101     3.669 r  clk_IBUF_BUFG_inst/O
                         net (fo=96, routed)          1.752     5.421    clk_IBUF_BUFG
    SLICE_X40Y13         FDRE                                         r  counter_reg[8]/C
  -------------------------------------------------------------------    -------------------
    SLICE_X40Y13         FDRE (Prop_fdre_C_Q)         0.456     5.877 f  counter_reg[8]/Q
                         net (fo=5, routed)           0.884     6.761    dut_LCD_ST7735/Q[8]
    SLICE_X40Y13         LUT4 (Prop_lut4_I1_O)        0.124     6.885 f  dut_LCD_ST7735/LED[7]_i_4/O
                         net (fo=4, routed)           1.038     7.923    dut_clk_module/LED_reg[7]_0
    SLICE_X40Y12         LUT5 (Prop_lut5_I3_O)        0.152     8.075 f  dut_clk_module/LCD_parameter[14]_i_8/O
                         net (fo=16, routed)          1.721     9.796    dut_LCD_ST7735/LCD_parameter_reg[15]_0
    SLICE_X38Y5          LUT5 (Prop_lut5_I0_O)        0.352    10.148 r  dut_LCD_ST7735/LCD_data_cnt[2]_i_2/O
                         net (fo=5, routed)           0.690    10.839    dut_LCD_ST7735/LCD_data_cnt[2]_i_2_n_0
    SLICE_X39Y5          LUT6 (Prop_lut6_I1_O)        0.328    11.167 r  dut_LCD_ST7735/LCD_DCX_i_1/O
                         net (fo=1, routed)           0.587    11.754    dut_LCD_ST7735/LCD_DCX3_out
    SLICE_X39Y5          FDRE                                         r  dut_LCD_ST7735/LCD_DCX_reg/CE
  -------------------------------------------------------------------    -------------------

                         (clock sys_clk_pin rise edge)
                                                     20.000    20.000 r  
    K17                                               0.000    20.000 r  clk (IN)
                         net (fo=0)                   0.000    20.000    clk
    K17                  IBUF (Prop_ibuf_I_O)         1.421    21.421 r  clk_IBUF_inst/O
                         net (fo=1, routed)           1.880    23.301    clk_IBUF
    BUFGCTRL_X0Y16       BUFG (Prop_bufg_I_O)         0.091    23.392 r  clk_IBUF_BUFG_inst/O
                         net (fo=96, routed)          1.578    24.971    dut_LCD_ST7735/clk_IBUF_BUFG
    SLICE_X39Y5          FDRE                                         r  dut_LCD_ST7735/LCD_DCX_reg/C
                         clock pessimism              0.391    25.362    
                         clock uncertainty           -0.035    25.326    
    SLICE_X39Y5          FDRE (Setup_fdre_C_CE)      -0.205    25.121    dut_LCD_ST7735/LCD_DCX_reg
  -------------------------------------------------------------------
                         required time                         25.121    
                         arrival time                         -11.754    
  -------------------------------------------------------------------
                         slack                                 13.368    





Min Delay Paths
--------------------------------------------------------------------------------------
Slack (MET) :             0.188ns  (arrival time - required time)
  Source:                 counter_reg[0]/C
                            (rising edge-triggered cell FDSE clocked by sys_clk_pin  {rise@0.000ns fall@10.000ns period=20.000ns})
  Destination:            counter_reg[4]/D
                            (rising edge-triggered cell FDRE clocked by sys_clk_pin  {rise@0.000ns fall@10.000ns period=20.000ns})
  Path Group:             sys_clk_pin
  Path Type:              Hold (Min at Fast Process Corner)
  Requirement:            0.000ns  (sys_clk_pin rise@0.000ns - sys_clk_pin rise@0.000ns)
  Data Path Delay:        0.332ns  (logic 0.189ns (56.992%)  route 0.143ns (43.008%))
  Logic Levels:           1  (LUT5=1)
  Clock Path Skew:        0.013ns (DCD - SCD - CPR)
    Destination Clock Delay (DCD):    2.018ns
    Source Clock Delay      (SCD):    1.503ns
    Clock Pessimism Removal (CPR):    0.502ns

    Location             Delay type                Incr(ns)  Path(ns)    Netlist Resource(s)
  -------------------------------------------------------------------    -------------------
                         (clock sys_clk_pin rise edge)
                                                      0.000     0.000 r  
    K17                                               0.000     0.000 r  clk (IN)
                         net (fo=0)                   0.000     0.000    clk
    K17                  IBUF (Prop_ibuf_I_O)         0.259     0.259 r  clk_IBUF_inst/O
                         net (fo=1, routed)           0.627     0.887    clk_IBUF
    BUFGCTRL_X0Y16       BUFG (Prop_bufg_I_O)         0.026     0.913 r  clk_IBUF_BUFG_inst/O
                         net (fo=96, routed)          0.591     1.503    clk_IBUF_BUFG
    SLICE_X43Y12         FDSE                                         r  counter_reg[0]/C
  -------------------------------------------------------------------    -------------------
    SLICE_X43Y12         FDSE (Prop_fdse_C_Q)         0.141     1.644 r  counter_reg[0]/Q
                         net (fo=8, routed)           0.143     1.787    counter_reg[0]
    SLICE_X42Y12         LUT5 (Prop_lut5_I3_O)        0.048     1.835 r  counter[4]_i_1/O
                         net (fo=1, routed)           0.000     1.835    counter0[4]
    SLICE_X42Y12         FDRE                                         r  counter_reg[4]/D
  -------------------------------------------------------------------    -------------------

                         (clock sys_clk_pin rise edge)
                                                      0.000     0.000 r  
    K17                                               0.000     0.000 r  clk (IN)
                         net (fo=0)                   0.000     0.000    clk
    K17                  IBUF (Prop_ibuf_I_O)         0.447     0.447 r  clk_IBUF_inst/O
                         net (fo=1, routed)           0.683     1.130    clk_IBUF
    BUFGCTRL_X0Y16       BUFG (Prop_bufg_I_O)         0.029     1.159 r  clk_IBUF_BUFG_inst/O
                         net (fo=96, routed)          0.859     2.018    clk_IBUF_BUFG
    SLICE_X42Y12         FDRE                                         r  counter_reg[4]/C
                         clock pessimism             -0.502     1.516    
    SLICE_X42Y12         FDRE (Hold_fdre_C_D)         0.131     1.647    counter_reg[4]
  -------------------------------------------------------------------
                         required time                         -1.647    
                         arrival time                           1.835    
  -------------------------------------------------------------------
                         slack                                  0.188    

Slack (MET) :             0.188ns  (arrival time - required time)
  Source:                 dut_LCD_ST7735/FSM_onehot_POWER_ON_state_reg[0]/C
                            (rising edge-triggered cell FDRE clocked by sys_clk_pin  {rise@0.000ns fall@10.000ns period=20.000ns})
  Destination:            dut_LCD_ST7735/FSM_onehot_POWER_ON_state_reg[1]/D
                            (rising edge-triggered cell FDRE clocked by sys_clk_pin  {rise@0.000ns fall@10.000ns period=20.000ns})
  Path Group:             sys_clk_pin
  Path Type:              Hold (Min at Fast Process Corner)
  Requirement:            0.000ns  (sys_clk_pin rise@0.000ns - sys_clk_pin rise@0.000ns)
  Data Path Delay:        0.322ns  (logic 0.186ns (57.702%)  route 0.136ns (42.298%))
  Logic Levels:           1  (LUT3=1)
  Clock Path Skew:        0.013ns (DCD - SCD - CPR)
    Destination Clock Delay (DCD):    2.019ns
    Source Clock Delay      (SCD):    1.503ns
    Clock Pessimism Removal (CPR):    0.503ns

    Location             Delay type                Incr(ns)  Path(ns)    Netlist Resource(s)
  -------------------------------------------------------------------    -------------------
                         (clock sys_clk_pin rise edge)
                                                      0.000     0.000 r  
    K17                                               0.000     0.000 r  clk (IN)
                         net (fo=0)                   0.000     0.000    clk
    K17                  IBUF (Prop_ibuf_I_O)         0.259     0.259 r  clk_IBUF_inst/O
                         net (fo=1, routed)           0.627     0.887    clk_IBUF
    BUFGCTRL_X0Y16       BUFG (Prop_bufg_I_O)         0.026     0.913 r  clk_IBUF_BUFG_inst/O
                         net (fo=96, routed)          0.591     1.503    dut_LCD_ST7735/clk_IBUF_BUFG
    SLICE_X39Y8          FDRE                                         r  dut_LCD_ST7735/FSM_onehot_POWER_ON_state_reg[0]/C
  -------------------------------------------------------------------    -------------------
    SLICE_X39Y8          FDRE (Prop_fdre_C_Q)         0.141     1.644 r  dut_LCD_ST7735/FSM_onehot_POWER_ON_state_reg[0]/Q
                         net (fo=7, routed)           0.136     1.781    dut_LCD_ST7735/FSM_onehot_POWER_ON_state_reg_n_0_[0]
    SLICE_X38Y8          LUT3 (Prop_lut3_I0_O)        0.045     1.826 r  dut_LCD_ST7735/FSM_onehot_POWER_ON_state[1]_i_1/O
                         net (fo=1, routed)           0.000     1.826    dut_LCD_ST7735/FSM_onehot_POWER_ON_state[1]_i_1_n_0
    SLICE_X38Y8          FDRE                                         r  dut_LCD_ST7735/FSM_onehot_POWER_ON_state_reg[1]/D
  -------------------------------------------------------------------    -------------------

                         (clock sys_clk_pin rise edge)
                                                      0.000     0.000 r  
    K17                                               0.000     0.000 r  clk (IN)
                         net (fo=0)                   0.000     0.000    clk
    K17                  IBUF (Prop_ibuf_I_O)         0.447     0.447 r  clk_IBUF_inst/O
                         net (fo=1, routed)           0.683     1.130    clk_IBUF
    BUFGCTRL_X0Y16       BUFG (Prop_bufg_I_O)         0.029     1.159 r  clk_IBUF_BUFG_inst/O
                         net (fo=96, routed)          0.860     2.019    dut_LCD_ST7735/clk_IBUF_BUFG
    SLICE_X38Y8          FDRE                                         r  dut_LCD_ST7735/FSM_onehot_POWER_ON_state_reg[1]/C
                         clock pessimism             -0.503     1.516    
    SLICE_X38Y8          FDRE (Hold_fdre_C_D)         0.121     1.637    dut_LCD_ST7735/FSM_onehot_POWER_ON_state_reg[1]
  -------------------------------------------------------------------
                         required time                         -1.637    
                         arrival time                           1.826    
  -------------------------------------------------------------------
                         slack                                  0.188    

Slack (MET) :             0.196ns  (arrival time - required time)
  Source:                 counter_reg[0]/C
                            (rising edge-triggered cell FDSE clocked by sys_clk_pin  {rise@0.000ns fall@10.000ns period=20.000ns})
  Destination:            counter_reg[3]/D
                            (rising edge-triggered cell FDRE clocked by sys_clk_pin  {rise@0.000ns fall@10.000ns period=20.000ns})
  Path Group:             sys_clk_pin
  Path Type:              Hold (Min at Fast Process Corner)
  Requirement:            0.000ns  (sys_clk_pin rise@0.000ns - sys_clk_pin rise@0.000ns)
  Data Path Delay:        0.329ns  (logic 0.186ns (56.600%)  route 0.143ns (43.400%))
  Logic Levels:           1  (LUT4=1)
  Clock Path Skew:        0.013ns (DCD - SCD - CPR)
    Destination Clock Delay (DCD):    2.018ns
    Source Clock Delay      (SCD):    1.503ns
    Clock Pessimism Removal (CPR):    0.502ns

    Location             Delay type                Incr(ns)  Path(ns)    Netlist Resource(s)
  -------------------------------------------------------------------    -------------------
                         (clock sys_clk_pin rise edge)
                                                      0.000     0.000 r  
    K17                                               0.000     0.000 r  clk (IN)
                         net (fo=0)                   0.000     0.000    clk
    K17                  IBUF (Prop_ibuf_I_O)         0.259     0.259 r  clk_IBUF_inst/O
                         net (fo=1, routed)           0.627     0.887    clk_IBUF
    BUFGCTRL_X0Y16       BUFG (Prop_bufg_I_O)         0.026     0.913 r  clk_IBUF_BUFG_inst/O
                         net (fo=96, routed)          0.591     1.503    clk_IBUF_BUFG
    SLICE_X43Y12         FDSE                                         r  counter_reg[0]/C
  -------------------------------------------------------------------    -------------------
    SLICE_X43Y12         FDSE (Prop_fdse_C_Q)         0.141     1.644 r  counter_reg[0]/Q
                         net (fo=8, routed)           0.143     1.787    counter_reg[0]
    SLICE_X42Y12         LUT4 (Prop_lut4_I2_O)        0.045     1.832 r  counter[3]_i_1/O
                         net (fo=1, routed)           0.000     1.832    counter0[3]
    SLICE_X42Y12         FDRE                                         r  counter_reg[3]/D
  -------------------------------------------------------------------    -------------------

                         (clock sys_clk_pin rise edge)
                                                      0.000     0.000 r  
    K17                                               0.000     0.000 r  clk (IN)
                         net (fo=0)                   0.000     0.000    clk
    K17                  IBUF (Prop_ibuf_I_O)         0.447     0.447 r  clk_IBUF_inst/O
                         net (fo=1, routed)           0.683     1.130    clk_IBUF
    BUFGCTRL_X0Y16       BUFG (Prop_bufg_I_O)         0.029     1.159 r  clk_IBUF_BUFG_inst/O
                         net (fo=96, routed)          0.859     2.018    clk_IBUF_BUFG
    SLICE_X42Y12         FDRE                                         r  counter_reg[3]/C
                         clock pessimism             -0.502     1.516    
    SLICE_X42Y12         FDRE (Hold_fdre_C_D)         0.120     1.636    counter_reg[3]
  -------------------------------------------------------------------
                         required time                         -1.636    
                         arrival time                           1.832    
  -------------------------------------------------------------------
                         slack                                  0.196    

Slack (MET) :             0.199ns  (arrival time - required time)
  Source:                 counter_reg[0]/C
                            (rising edge-triggered cell FDSE clocked by sys_clk_pin  {rise@0.000ns fall@10.000ns period=20.000ns})
  Destination:            counter_reg[5]/D
                            (rising edge-triggered cell FDRE clocked by sys_clk_pin  {rise@0.000ns fall@10.000ns period=20.000ns})
  Path Group:             sys_clk_pin
  Path Type:              Hold (Min at Fast Process Corner)
  Requirement:            0.000ns  (sys_clk_pin rise@0.000ns - sys_clk_pin rise@0.000ns)
  Data Path Delay:        0.333ns  (logic 0.186ns (55.919%)  route 0.147ns (44.081%))
  Logic Levels:           1  (LUT6=1)
  Clock Path Skew:        0.013ns (DCD - SCD - CPR)
    Destination Clock Delay (DCD):    2.018ns
    Source Clock Delay      (SCD):    1.503ns
    Clock Pessimism Removal (CPR):    0.502ns

    Location             Delay type                Incr(ns)  Path(ns)    Netlist Resource(s)
  -------------------------------------------------------------------    -------------------
                         (clock sys_clk_pin rise edge)
                                                      0.000     0.000 r  
    K17                                               0.000     0.000 r  clk (IN)
                         net (fo=0)                   0.000     0.000    clk
    K17                  IBUF (Prop_ibuf_I_O)         0.259     0.259 r  clk_IBUF_inst/O
                         net (fo=1, routed)           0.627     0.887    clk_IBUF
    BUFGCTRL_X0Y16       BUFG (Prop_bufg_I_O)         0.026     0.913 r  clk_IBUF_BUFG_inst/O
                         net (fo=96, routed)          0.591     1.503    clk_IBUF_BUFG
    SLICE_X43Y12         FDSE                                         r  counter_reg[0]/C
  -------------------------------------------------------------------    -------------------
    SLICE_X43Y12         FDSE (Prop_fdse_C_Q)         0.141     1.644 r  counter_reg[0]/Q
                         net (fo=8, routed)           0.147     1.791    counter_reg[0]
    SLICE_X42Y12         LUT6 (Prop_lut6_I3_O)        0.045     1.836 r  counter[5]_i_1/O
                         net (fo=1, routed)           0.000     1.836    counter0[5]
    SLICE_X42Y12         FDRE                                         r  counter_reg[5]/D
  -------------------------------------------------------------------    -------------------

                         (clock sys_clk_pin rise edge)
                                                      0.000     0.000 r  
    K17                                               0.000     0.000 r  clk (IN)
                         net (fo=0)                   0.000     0.000    clk
    K17                  IBUF (Prop_ibuf_I_O)         0.447     0.447 r  clk_IBUF_inst/O
                         net (fo=1, routed)           0.683     1.130    clk_IBUF
    BUFGCTRL_X0Y16       BUFG (Prop_bufg_I_O)         0.029     1.159 r  clk_IBUF_BUFG_inst/O
                         net (fo=96, routed)          0.859     2.018    clk_IBUF_BUFG
    SLICE_X42Y12         FDRE                                         r  counter_reg[5]/C
                         clock pessimism             -0.502     1.516    
    SLICE_X42Y12         FDRE (Hold_fdre_C_D)         0.121     1.637    counter_reg[5]
  -------------------------------------------------------------------
                         required time                         -1.637    
                         arrival time                           1.836    
  -------------------------------------------------------------------
                         slack                                  0.199    

Slack (MET) :             0.231ns  (arrival time - required time)
  Source:                 counter_reg[1]/C
                            (rising edge-triggered cell FDSE clocked by sys_clk_pin  {rise@0.000ns fall@10.000ns period=20.000ns})
  Destination:            counter_reg[2]/D
                            (rising edge-triggered cell FDRE clocked by sys_clk_pin  {rise@0.000ns fall@10.000ns period=20.000ns})
  Path Group:             sys_clk_pin
  Path Type:              Hold (Min at Fast Process Corner)
  Requirement:            0.000ns  (sys_clk_pin rise@0.000ns - sys_clk_pin rise@0.000ns)
  Data Path Delay:        0.323ns  (logic 0.227ns (70.198%)  route 0.096ns (29.802%))
  Logic Levels:           1  (LUT3=1)
  Clock Path Skew:        0.000ns (DCD - SCD - CPR)
    Destination Clock Delay (DCD):    2.018ns
    Source Clock Delay      (SCD):    1.503ns
    Clock Pessimism Removal (CPR):    0.515ns

    Location             Delay type                Incr(ns)  Path(ns)    Netlist Resource(s)
  -------------------------------------------------------------------    -------------------
                         (clock sys_clk_pin rise edge)
                                                      0.000     0.000 r  
    K17                                               0.000     0.000 r  clk (IN)
                         net (fo=0)                   0.000     0.000    clk
    K17                  IBUF (Prop_ibuf_I_O)         0.259     0.259 r  clk_IBUF_inst/O
                         net (fo=1, routed)           0.627     0.887    clk_IBUF
    BUFGCTRL_X0Y16       BUFG (Prop_bufg_I_O)         0.026     0.913 r  clk_IBUF_BUFG_inst/O
                         net (fo=96, routed)          0.591     1.503    clk_IBUF_BUFG
    SLICE_X43Y12         FDSE                                         r  counter_reg[1]/C
  -------------------------------------------------------------------    -------------------
    SLICE_X43Y12         FDSE (Prop_fdse_C_Q)         0.128     1.631 r  counter_reg[1]/Q
                         net (fo=7, routed)           0.096     1.728    counter_reg[1]
    SLICE_X43Y12         LUT3 (Prop_lut3_I1_O)        0.099     1.827 r  counter[2]_i_1/O
                         net (fo=1, routed)           0.000     1.827    counter0[2]
    SLICE_X43Y12         FDRE                                         r  counter_reg[2]/D
  -------------------------------------------------------------------    -------------------

                         (clock sys_clk_pin rise edge)
                                                      0.000     0.000 r  
    K17                                               0.000     0.000 r  clk (IN)
                         net (fo=0)                   0.000     0.000    clk
    K17                  IBUF (Prop_ibuf_I_O)         0.447     0.447 r  clk_IBUF_inst/O
                         net (fo=1, routed)           0.683     1.130    clk_IBUF
    BUFGCTRL_X0Y16       BUFG (Prop_bufg_I_O)         0.029     1.159 r  clk_IBUF_BUFG_inst/O
                         net (fo=96, routed)          0.859     2.018    clk_IBUF_BUFG
    SLICE_X43Y12         FDRE                                         r  counter_reg[2]/C
                         clock pessimism             -0.515     1.503    
    SLICE_X43Y12         FDRE (Hold_fdre_C_D)         0.092     1.595    counter_reg[2]
  -------------------------------------------------------------------
                         required time                         -1.595    
                         arrival time                           1.827    
  -------------------------------------------------------------------
                         slack                                  0.231    

Slack (MET) :             0.235ns  (arrival time - required time)
  Source:                 dut_LCD_ST7735/LCD_parameter_reg[0]/C
                            (rising edge-triggered cell FDRE clocked by sys_clk_pin  {rise@0.000ns fall@10.000ns period=20.000ns})
  Destination:            dut_LCD_ST7735/LCD_data_reg[7]/D
                            (rising edge-triggered cell FDRE clocked by sys_clk_pin  {rise@0.000ns fall@10.000ns period=20.000ns})
  Path Group:             sys_clk_pin
  Path Type:              Hold (Min at Fast Process Corner)
  Requirement:            0.000ns  (sys_clk_pin rise@0.000ns - sys_clk_pin rise@0.000ns)
  Data Path Delay:        0.339ns  (logic 0.209ns (61.711%)  route 0.130ns (38.289%))
  Logic Levels:           1  (LUT6=1)
  Clock Path Skew:        0.013ns (DCD - SCD - CPR)
    Destination Clock Delay (DCD):    1.993ns
    Source Clock Delay      (SCD):    1.477ns
    Clock Pessimism Removal (CPR):    0.503ns

    Location             Delay type                Incr(ns)  Path(ns)    Netlist Resource(s)
  -------------------------------------------------------------------    -------------------
                         (clock sys_clk_pin rise edge)
                                                      0.000     0.000 r  
    K17                                               0.000     0.000 r  clk (IN)
                         net (fo=0)                   0.000     0.000    clk
    K17                  IBUF (Prop_ibuf_I_O)         0.259     0.259 r  clk_IBUF_inst/O
                         net (fo=1, routed)           0.627     0.887    clk_IBUF
    BUFGCTRL_X0Y16       BUFG (Prop_bufg_I_O)         0.026     0.913 r  clk_IBUF_BUFG_inst/O
                         net (fo=96, routed)          0.565     1.477    dut_LCD_ST7735/clk_IBUF_BUFG
    SLICE_X34Y5          FDRE                                         r  dut_LCD_ST7735/LCD_parameter_reg[0]/C
  -------------------------------------------------------------------    -------------------
    SLICE_X34Y5          FDRE (Prop_fdre_C_Q)         0.164     1.641 r  dut_LCD_ST7735/LCD_parameter_reg[0]/Q
                         net (fo=12, routed)          0.130     1.771    dut_LCD_ST7735/LCD_data00
    SLICE_X35Y5          LUT6 (Prop_lut6_I5_O)        0.045     1.816 r  dut_LCD_ST7735/LCD_data[7]_i_2/O
                         net (fo=1, routed)           0.000     1.816    dut_LCD_ST7735/LCD_data[7]_i_2_n_0
    SLICE_X35Y5          FDRE                                         r  dut_LCD_ST7735/LCD_data_reg[7]/D
  -------------------------------------------------------------------    -------------------

                         (clock sys_clk_pin rise edge)
                                                      0.000     0.000 r  
    K17                                               0.000     0.000 r  clk (IN)
                         net (fo=0)                   0.000     0.000    clk
    K17                  IBUF (Prop_ibuf_I_O)         0.447     0.447 r  clk_IBUF_inst/O
                         net (fo=1, routed)           0.683     1.130    clk_IBUF
    BUFGCTRL_X0Y16       BUFG (Prop_bufg_I_O)         0.029     1.159 r  clk_IBUF_BUFG_inst/O
                         net (fo=96, routed)          0.834     1.993    dut_LCD_ST7735/clk_IBUF_BUFG
    SLICE_X35Y5          FDRE                                         r  dut_LCD_ST7735/LCD_data_reg[7]/C
                         clock pessimism             -0.503     1.490    
    SLICE_X35Y5          FDRE (Hold_fdre_C_D)         0.091     1.581    dut_LCD_ST7735/LCD_data_reg[7]
  -------------------------------------------------------------------
                         required time                         -1.581    
                         arrival time                           1.816    
  -------------------------------------------------------------------
                         slack                                  0.235    

Slack (MET) :             0.260ns  (arrival time - required time)
  Source:                 dut_LCD_ST7735/LCD_data_cnt_reg[2]/C
                            (rising edge-triggered cell FDRE clocked by sys_clk_pin  {rise@0.000ns fall@10.000ns period=20.000ns})
  Destination:            dut_LCD_ST7735/LCD_data_cnt_reg[2]/D
                            (rising edge-triggered cell FDRE clocked by sys_clk_pin  {rise@0.000ns fall@10.000ns period=20.000ns})
  Path Group:             sys_clk_pin
  Path Type:              Hold (Min at Fast Process Corner)
  Requirement:            0.000ns  (sys_clk_pin rise@0.000ns - sys_clk_pin rise@0.000ns)
  Data Path Delay:        0.352ns  (logic 0.186ns (52.898%)  route 0.166ns (47.102%))
  Logic Levels:           1  (LUT6=1)
  Clock Path Skew:        0.000ns (DCD - SCD - CPR)
    Destination Clock Delay (DCD):    2.020ns
    Source Clock Delay      (SCD):    1.504ns
    Clock Pessimism Removal (CPR):    0.516ns

    Location             Delay type                Incr(ns)  Path(ns)    Netlist Resource(s)
  -------------------------------------------------------------------    -------------------
                         (clock sys_clk_pin rise edge)
                                                      0.000     0.000 r  
    K17                                               0.000     0.000 r  clk (IN)
                         net (fo=0)                   0.000     0.000    clk
    K17                  IBUF (Prop_ibuf_I_O)         0.259     0.259 r  clk_IBUF_inst/O
                         net (fo=1, routed)           0.627     0.887    clk_IBUF
    BUFGCTRL_X0Y16       BUFG (Prop_bufg_I_O)         0.026     0.913 r  clk_IBUF_BUFG_inst/O
                         net (fo=96, routed)          0.592     1.504    dut_LCD_ST7735/clk_IBUF_BUFG
    SLICE_X39Y4          FDRE                                         r  dut_LCD_ST7735/LCD_data_cnt_reg[2]/C
  -------------------------------------------------------------------    -------------------
    SLICE_X39Y4          FDRE (Prop_fdre_C_Q)         0.141     1.645 r  dut_LCD_ST7735/LCD_data_cnt_reg[2]/Q
                         net (fo=7, routed)           0.166     1.811    dut_LCD_ST7735/LCD_data_cnt_reg_n_0_[2]
    SLICE_X39Y4          LUT6 (Prop_lut6_I5_O)        0.045     1.856 r  dut_LCD_ST7735/LCD_data_cnt[2]_i_1/O
                         net (fo=1, routed)           0.000     1.856    dut_LCD_ST7735/LCD_data_cnt[2]_i_1_n_0
    SLICE_X39Y4          FDRE                                         r  dut_LCD_ST7735/LCD_data_cnt_reg[2]/D
  -------------------------------------------------------------------    -------------------

                         (clock sys_clk_pin rise edge)
                                                      0.000     0.000 r  
    K17                                               0.000     0.000 r  clk (IN)
                         net (fo=0)                   0.000     0.000    clk
    K17                  IBUF (Prop_ibuf_I_O)         0.447     0.447 r  clk_IBUF_inst/O
                         net (fo=1, routed)           0.683     1.130    clk_IBUF
    BUFGCTRL_X0Y16       BUFG (Prop_bufg_I_O)         0.029     1.159 r  clk_IBUF_BUFG_inst/O
                         net (fo=96, routed)          0.861     2.020    dut_LCD_ST7735/clk_IBUF_BUFG
    SLICE_X39Y4          FDRE                                         r  dut_LCD_ST7735/LCD_data_cnt_reg[2]/C
                         clock pessimism             -0.516     1.504    
    SLICE_X39Y4          FDRE (Hold_fdre_C_D)         0.092     1.596    dut_LCD_ST7735/LCD_data_cnt_reg[2]
  -------------------------------------------------------------------
                         required time                         -1.596    
                         arrival time                           1.856    
  -------------------------------------------------------------------
                         slack                                  0.260    

Slack (MET) :             0.261ns  (arrival time - required time)
  Source:                 dut_LCD_ST7735/FSM_onehot_RASET_state_reg[1]/C
                            (rising edge-triggered cell FDRE clocked by sys_clk_pin  {rise@0.000ns fall@10.000ns period=20.000ns})
  Destination:            dut_LCD_ST7735/FSM_onehot_RASET_state_reg[1]/D
                            (rising edge-triggered cell FDRE clocked by sys_clk_pin  {rise@0.000ns fall@10.000ns period=20.000ns})
  Path Group:             sys_clk_pin
  Path Type:              Hold (Min at Fast Process Corner)
  Requirement:            0.000ns  (sys_clk_pin rise@0.000ns - sys_clk_pin rise@0.000ns)
  Data Path Delay:        0.353ns  (logic 0.186ns (52.718%)  route 0.167ns (47.282%))
  Logic Levels:           1  (LUT6=1)
  Clock Path Skew:        0.000ns (DCD - SCD - CPR)
    Destination Clock Delay (DCD):    2.019ns
    Source Clock Delay      (SCD):    1.503ns
    Clock Pessimism Removal (CPR):    0.516ns

    Location             Delay type                Incr(ns)  Path(ns)    Netlist Resource(s)
  -------------------------------------------------------------------    -------------------
                         (clock sys_clk_pin rise edge)
                                                      0.000     0.000 r  
    K17                                               0.000     0.000 r  clk (IN)
                         net (fo=0)                   0.000     0.000    clk
    K17                  IBUF (Prop_ibuf_I_O)         0.259     0.259 r  clk_IBUF_inst/O
                         net (fo=1, routed)           0.627     0.887    clk_IBUF
    BUFGCTRL_X0Y16       BUFG (Prop_bufg_I_O)         0.026     0.913 r  clk_IBUF_BUFG_inst/O
                         net (fo=96, routed)          0.591     1.503    dut_LCD_ST7735/clk_IBUF_BUFG
    SLICE_X36Y7          FDRE                                         r  dut_LCD_ST7735/FSM_onehot_RASET_state_reg[1]/C
  -------------------------------------------------------------------    -------------------
    SLICE_X36Y7          FDRE (Prop_fdre_C_Q)         0.141     1.644 r  dut_LCD_ST7735/FSM_onehot_RASET_state_reg[1]/Q
                         net (fo=7, routed)           0.167     1.811    dut_LCD_ST7735/FSM_onehot_RASET_state_reg_n_0_[1]
    SLICE_X36Y7          LUT6 (Prop_lut6_I5_O)        0.045     1.856 r  dut_LCD_ST7735/FSM_onehot_RASET_state[1]_i_1/O
                         net (fo=1, routed)           0.000     1.856    dut_LCD_ST7735/FSM_onehot_RASET_state[1]_i_1_n_0
    SLICE_X36Y7          FDRE                                         r  dut_LCD_ST7735/FSM_onehot_RASET_state_reg[1]/D
  -------------------------------------------------------------------    -------------------

                         (clock sys_clk_pin rise edge)
                                                      0.000     0.000 r  
    K17                                               0.000     0.000 r  clk (IN)
                         net (fo=0)                   0.000     0.000    clk
    K17                  IBUF (Prop_ibuf_I_O)         0.447     0.447 r  clk_IBUF_inst/O
                         net (fo=1, routed)           0.683     1.130    clk_IBUF
    BUFGCTRL_X0Y16       BUFG (Prop_bufg_I_O)         0.029     1.159 r  clk_IBUF_BUFG_inst/O
                         net (fo=96, routed)          0.860     2.019    dut_LCD_ST7735/clk_IBUF_BUFG
    SLICE_X36Y7          FDRE                                         r  dut_LCD_ST7735/FSM_onehot_RASET_state_reg[1]/C
                         clock pessimism             -0.516     1.503    
    SLICE_X36Y7          FDRE (Hold_fdre_C_D)         0.092     1.595    dut_LCD_ST7735/FSM_onehot_RASET_state_reg[1]
  -------------------------------------------------------------------
                         required time                         -1.595    
                         arrival time                           1.856    
  -------------------------------------------------------------------
                         slack                                  0.261    

Slack (MET) :             0.262ns  (arrival time - required time)
  Source:                 dut_LCD_ST7735/LCD_parameter_reg[15]/C
                            (rising edge-triggered cell FDRE clocked by sys_clk_pin  {rise@0.000ns fall@10.000ns period=20.000ns})
  Destination:            dut_LCD_ST7735/LCD_parameter_reg[15]/D
                            (rising edge-triggered cell FDRE clocked by sys_clk_pin  {rise@0.000ns fall@10.000ns period=20.000ns})
  Path Group:             sys_clk_pin
  Path Type:              Hold (Min at Fast Process Corner)
  Requirement:            0.000ns  (sys_clk_pin rise@0.000ns - sys_clk_pin rise@0.000ns)
  Data Path Delay:        0.354ns  (logic 0.186ns (52.585%)  route 0.168ns (47.415%))
  Logic Levels:           1  (LUT6=1)
  Clock Path Skew:        0.000ns (DCD - SCD - CPR)
    Destination Clock Delay (DCD):    1.992ns
    Source Clock Delay      (SCD):    1.476ns
    Clock Pessimism Removal (CPR):    0.516ns

    Location             Delay type                Incr(ns)  Path(ns)    Netlist Resource(s)
  -------------------------------------------------------------------    -------------------
                         (clock sys_clk_pin rise edge)
                                                      0.000     0.000 r  
    K17                                               0.000     0.000 r  clk (IN)
                         net (fo=0)                   0.000     0.000    clk
    K17                  IBUF (Prop_ibuf_I_O)         0.259     0.259 r  clk_IBUF_inst/O
                         net (fo=1, routed)           0.627     0.887    clk_IBUF
    BUFGCTRL_X0Y16       BUFG (Prop_bufg_I_O)         0.026     0.913 r  clk_IBUF_BUFG_inst/O
                         net (fo=96, routed)          0.564     1.476    dut_LCD_ST7735/clk_IBUF_BUFG
    SLICE_X35Y7          FDRE                                         r  dut_LCD_ST7735/LCD_parameter_reg[15]/C
  -------------------------------------------------------------------    -------------------
    SLICE_X35Y7          FDRE (Prop_fdre_C_Q)         0.141     1.617 r  dut_LCD_ST7735/LCD_parameter_reg[15]/Q
                         net (fo=3, routed)           0.168     1.785    dut_LCD_ST7735/LCD_parameter_reg_n_0_[15]
    SLICE_X35Y7          LUT6 (Prop_lut6_I5_O)        0.045     1.830 r  dut_LCD_ST7735/LCD_parameter[15]_i_1/O
                         net (fo=1, routed)           0.000     1.830    dut_LCD_ST7735/LCD_parameter[15]_i_1_n_0
    SLICE_X35Y7          FDRE                                         r  dut_LCD_ST7735/LCD_parameter_reg[15]/D
  -------------------------------------------------------------------    -------------------

                         (clock sys_clk_pin rise edge)
                                                      0.000     0.000 r  
    K17                                               0.000     0.000 r  clk (IN)
                         net (fo=0)                   0.000     0.000    clk
    K17                  IBUF (Prop_ibuf_I_O)         0.447     0.447 r  clk_IBUF_inst/O
                         net (fo=1, routed)           0.683     1.130    clk_IBUF
    BUFGCTRL_X0Y16       BUFG (Prop_bufg_I_O)         0.029     1.159 r  clk_IBUF_BUFG_inst/O
                         net (fo=96, routed)          0.833     1.992    dut_LCD_ST7735/clk_IBUF_BUFG
    SLICE_X35Y7          FDRE                                         r  dut_LCD_ST7735/LCD_parameter_reg[15]/C
                         clock pessimism             -0.516     1.476    
    SLICE_X35Y7          FDRE (Hold_fdre_C_D)         0.092     1.568    dut_LCD_ST7735/LCD_parameter_reg[15]
  -------------------------------------------------------------------
                         required time                         -1.568    
                         arrival time                           1.830    
  -------------------------------------------------------------------
                         slack                                  0.262    

Slack (MET) :             0.263ns  (arrival time - required time)
  Source:                 counter_reg[6]/C
                            (rising edge-triggered cell FDRE clocked by sys_clk_pin  {rise@0.000ns fall@10.000ns period=20.000ns})
  Destination:            counter_reg[9]/D
                            (rising edge-triggered cell FDRE clocked by sys_clk_pin  {rise@0.000ns fall@10.000ns period=20.000ns})
  Path Group:             sys_clk_pin
  Path Type:              Hold (Min at Fast Process Corner)
  Requirement:            0.000ns  (sys_clk_pin rise@0.000ns - sys_clk_pin rise@0.000ns)
  Data Path Delay:        0.370ns  (logic 0.184ns (49.737%)  route 0.186ns (50.263%))
  Logic Levels:           1  (LUT5=1)
  Clock Path Skew:        0.000ns (DCD - SCD - CPR)
    Destination Clock Delay (DCD):    2.017ns
    Source Clock Delay      (SCD):    1.502ns
    Clock Pessimism Removal (CPR):    0.515ns

    Location             Delay type                Incr(ns)  Path(ns)    Netlist Resource(s)
  -------------------------------------------------------------------    -------------------
                         (clock sys_clk_pin rise edge)
                                                      0.000     0.000 r  
    K17                                               0.000     0.000 r  clk (IN)
                         net (fo=0)                   0.000     0.000    clk
    K17                  IBUF (Prop_ibuf_I_O)         0.259     0.259 r  clk_IBUF_inst/O
                         net (fo=1, routed)           0.627     0.887    clk_IBUF
    BUFGCTRL_X0Y16       BUFG (Prop_bufg_I_O)         0.026     0.913 r  clk_IBUF_BUFG_inst/O
                         net (fo=96, routed)          0.590     1.502    clk_IBUF_BUFG
    SLICE_X40Y13         FDRE                                         r  counter_reg[6]/C
  -------------------------------------------------------------------    -------------------
    SLICE_X40Y13         FDRE (Prop_fdre_C_Q)         0.141     1.643 r  counter_reg[6]/Q
                         net (fo=7, routed)           0.186     1.829    counter_reg[6]
    SLICE_X40Y13         LUT5 (Prop_lut5_I2_O)        0.043     1.872 r  counter[9]_i_2/O
                         net (fo=1, routed)           0.000     1.872    counter0[9]
    SLICE_X40Y13         FDRE                                         r  counter_reg[9]/D
  -------------------------------------------------------------------    -------------------

                         (clock sys_clk_pin rise edge)
                                                      0.000     0.000 r  
    K17                                               0.000     0.000 r  clk (IN)
                         net (fo=0)                   0.000     0.000    clk
    K17                  IBUF (Prop_ibuf_I_O)         0.447     0.447 r  clk_IBUF_inst/O
                         net (fo=1, routed)           0.683     1.130    clk_IBUF
    BUFGCTRL_X0Y16       BUFG (Prop_bufg_I_O)         0.029     1.159 r  clk_IBUF_BUFG_inst/O
                         net (fo=96, routed)          0.858     2.017    clk_IBUF_BUFG
    SLICE_X40Y13         FDRE                                         r  counter_reg[9]/C
                         clock pessimism             -0.515     1.502    
    SLICE_X40Y13         FDRE (Hold_fdre_C_D)         0.107     1.609    counter_reg[9]
  -------------------------------------------------------------------
                         required time                         -1.609    
                         arrival time                           1.872    
  -------------------------------------------------------------------
                         slack                                  0.263    





Pulse Width Checks
--------------------------------------------------------------------------------------
Clock Name:         sys_clk_pin
Waveform(ns):       { 0.000 10.000 }
Period(ns):         20.000
Sources:            { clk }

Check Type        Corner  Lib Pin  Reference Pin  Required(ns)  Actual(ns)  Slack(ns)  Location        Pin
Min Period        n/a     BUFG/I   n/a            2.155         20.000      17.845     BUFGCTRL_X0Y16  clk_IBUF_BUFG_inst/I
Min Period        n/a     FDSE/C   n/a            1.000         20.000      19.000     SLICE_X43Y12    counter_reg[0]/C
Min Period        n/a     FDSE/C   n/a            1.000         20.000      19.000     SLICE_X43Y12    counter_reg[1]/C
Min Period        n/a     FDRE/C   n/a            1.000         20.000      19.000     SLICE_X43Y12    counter_reg[2]/C
Min Period        n/a     FDRE/C   n/a            1.000         20.000      19.000     SLICE_X42Y12    counter_reg[3]/C
Min Period        n/a     FDRE/C   n/a            1.000         20.000      19.000     SLICE_X42Y12    counter_reg[4]/C
Min Period        n/a     FDRE/C   n/a            1.000         20.000      19.000     SLICE_X42Y12    counter_reg[5]/C
Min Period        n/a     FDRE/C   n/a            1.000         20.000      19.000     SLICE_X40Y13    counter_reg[6]/C
Min Period        n/a     FDRE/C   n/a            1.000         20.000      19.000     SLICE_X40Y13    counter_reg[7]/C
Min Period        n/a     FDRE/C   n/a            1.000         20.000      19.000     SLICE_X40Y13    counter_reg[8]/C
Low Pulse Width   Slow    FDSE/C   n/a            0.500         10.000      9.500      SLICE_X43Y12    counter_reg[0]/C
Low Pulse Width   Fast    FDSE/C   n/a            0.500         10.000      9.500      SLICE_X43Y12    counter_reg[0]/C
Low Pulse Width   Slow    FDSE/C   n/a            0.500         10.000      9.500      SLICE_X43Y12    counter_reg[1]/C
Low Pulse Width   Fast    FDSE/C   n/a            0.500         10.000      9.500      SLICE_X43Y12    counter_reg[1]/C
Low Pulse Width   Slow    FDRE/C   n/a            0.500         10.000      9.500      SLICE_X43Y12    counter_reg[2]/C
Low Pulse Width   Fast    FDRE/C   n/a            0.500         10.000      9.500      SLICE_X43Y12    counter_reg[2]/C
Low Pulse Width   Slow    FDRE/C   n/a            0.500         10.000      9.500      SLICE_X42Y12    counter_reg[3]/C
Low Pulse Width   Fast    FDRE/C   n/a            0.500         10.000      9.500      SLICE_X42Y12    counter_reg[3]/C
Low Pulse Width   Slow    FDRE/C   n/a            0.500         10.000      9.500      SLICE_X42Y12    counter_reg[4]/C
Low Pulse Width   Fast    FDRE/C   n/a            0.500         10.000      9.500      SLICE_X42Y12    counter_reg[4]/C
High Pulse Width  Slow    FDSE/C   n/a            0.500         10.000      9.500      SLICE_X43Y12    counter_reg[0]/C
High Pulse Width  Fast    FDSE/C   n/a            0.500         10.000      9.500      SLICE_X43Y12    counter_reg[0]/C
High Pulse Width  Slow    FDSE/C   n/a            0.500         10.000      9.500      SLICE_X43Y12    counter_reg[1]/C
High Pulse Width  Fast    FDSE/C   n/a            0.500         10.000      9.500      SLICE_X43Y12    counter_reg[1]/C
High Pulse Width  Slow    FDRE/C   n/a            0.500         10.000      9.500      SLICE_X43Y12    counter_reg[2]/C
High Pulse Width  Fast    FDRE/C   n/a            0.500         10.000      9.500      SLICE_X43Y12    counter_reg[2]/C
High Pulse Width  Slow    FDRE/C   n/a            0.500         10.000      9.500      SLICE_X42Y12    counter_reg[3]/C
High Pulse Width  Fast    FDRE/C   n/a            0.500         10.000      9.500      SLICE_X42Y12    counter_reg[3]/C
High Pulse Width  Slow    FDRE/C   n/a            0.500         10.000      9.500      SLICE_X42Y12    counter_reg[4]/C
High Pulse Width  Fast    FDRE/C   n/a            0.500         10.000      9.500      SLICE_X42Y12    counter_reg[4]/C



--------------------------------------------------------------------------------------
Path Group:  (none)
From Clock:  sys_clk_pin
  To Clock:  

Max Delay             9 Endpoints
Min Delay             9 Endpoints
--------------------------------------------------------------------------------------


Max Delay Paths
--------------------------------------------------------------------------------------
Slack:                    inf
  Source:                 dut_LCD_ST7735/LCD_DCX_reg/C
                            (rising edge-triggered cell FDRE clocked by sys_clk_pin  {rise@0.000ns fall@10.000ns period=20.000ns})
  Destination:            LCD_DCX
                            (output port)
  Path Group:             (none)
  Path Type:              Max at Slow Process Corner
  Data Path Delay:        6.732ns  (logic 4.039ns (59.995%)  route 2.693ns (40.005%))
  Logic Levels:           1  (OBUF=1)
  Clock Uncertainty:      0.025ns  ((TSJ^2 + TIJ^2)^1/2 + DJ) / 2 + PE
    Total System Jitter     (TSJ):    0.050ns
    Total Input Jitter      (TIJ):    0.000ns
    Discrete Jitter          (DJ):    0.000ns
    Phase Error              (PE):    0.000ns

    Location             Delay type                Incr(ns)  Path(ns)    Netlist Resource(s)
  -------------------------------------------------------------------    -------------------
                         (clock sys_clk_pin rise edge)
                                                      0.000     0.000 r  
    K17                                               0.000     0.000 r  clk (IN)
                         net (fo=0)                   0.000     0.000    clk
    K17                  IBUF (Prop_ibuf_I_O)         1.492     1.492 r  clk_IBUF_inst/O
                         net (fo=1, routed)           2.076     3.568    clk_IBUF
    BUFGCTRL_X0Y16       BUFG (Prop_bufg_I_O)         0.101     3.669 r  clk_IBUF_BUFG_inst/O
                         net (fo=96, routed)          1.755     5.424    dut_LCD_ST7735/clk_IBUF_BUFG
    SLICE_X39Y5          FDRE                                         r  dut_LCD_ST7735/LCD_DCX_reg/C
  -------------------------------------------------------------------    -------------------
    SLICE_X39Y5          FDRE (Prop_fdre_C_Q)         0.456     5.880 r  dut_LCD_ST7735/LCD_DCX_reg/Q
                         net (fo=1, routed)           2.693     8.573    LCD_DCX_OBUF
    T16                  OBUF (Prop_obuf_I_O)         3.583    12.156 r  LCD_DCX_OBUF_inst/O
                         net (fo=0)                   0.000    12.156    LCD_DCX
    T16                                                               r  LCD_DCX (OUT)
  -------------------------------------------------------------------    -------------------

Slack:                    inf
  Source:                 dut_LCD_ST7735/LED_reg[5]_lopt_replica/C
                            (rising edge-triggered cell FDRE clocked by sys_clk_pin  {rise@0.000ns fall@10.000ns period=20.000ns})
  Destination:            LED[3]
                            (output port)
  Path Group:             (none)
  Path Type:              Max at Slow Process Corner
  Data Path Delay:        6.169ns  (logic 4.124ns (66.857%)  route 2.045ns (33.143%))
  Logic Levels:           1  (OBUF=1)
  Clock Uncertainty:      0.025ns  ((TSJ^2 + TIJ^2)^1/2 + DJ) / 2 + PE
    Total System Jitter     (TSJ):    0.050ns
    Total Input Jitter      (TIJ):    0.000ns
    Discrete Jitter          (DJ):    0.000ns
    Phase Error              (PE):    0.000ns

    Location             Delay type                Incr(ns)  Path(ns)    Netlist Resource(s)
  -------------------------------------------------------------------    -------------------
                         (clock sys_clk_pin rise edge)
                                                      0.000     0.000 r  
    K17                                               0.000     0.000 r  clk (IN)
                         net (fo=0)                   0.000     0.000    clk
    K17                  IBUF (Prop_ibuf_I_O)         1.492     1.492 r  clk_IBUF_inst/O
                         net (fo=1, routed)           2.076     3.568    clk_IBUF
    BUFGCTRL_X0Y16       BUFG (Prop_bufg_I_O)         0.101     3.669 r  clk_IBUF_BUFG_inst/O
                         net (fo=96, routed)          1.754     5.423    dut_LCD_ST7735/clk_IBUF_BUFG
    SLICE_X40Y11         FDRE                                         r  dut_LCD_ST7735/LED_reg[5]_lopt_replica/C
  -------------------------------------------------------------------    -------------------
    SLICE_X40Y11         FDRE (Prop_fdre_C_Q)         0.419     5.842 r  dut_LCD_ST7735/LED_reg[5]_lopt_replica/Q
                         net (fo=1, routed)           2.045     7.886    lopt
    U20                  OBUF (Prop_obuf_I_O)         3.705    11.592 r  LED_OBUF[3]_inst/O
                         net (fo=0)                   0.000    11.592    LED[3]
    U20                                                               r  LED[3] (OUT)
  -------------------------------------------------------------------    -------------------

Slack:                    inf
  Source:                 dut_LCD_ST7735/LCD_SDA_reg/C
                            (rising edge-triggered cell FDRE clocked by sys_clk_pin  {rise@0.000ns fall@10.000ns period=20.000ns})
  Destination:            LCD_SDA
                            (output port)
  Path Group:             (none)
  Path Type:              Max at Slow Process Corner
  Data Path Delay:        6.062ns  (logic 3.987ns (65.764%)  route 2.075ns (34.236%))
  Logic Levels:           1  (OBUF=1)
  Clock Uncertainty:      0.025ns  ((TSJ^2 + TIJ^2)^1/2 + DJ) / 2 + PE
    Total System Jitter     (TSJ):    0.050ns
    Total Input Jitter      (TIJ):    0.000ns
    Discrete Jitter          (DJ):    0.000ns
    Phase Error              (PE):    0.000ns

    Location             Delay type                Incr(ns)  Path(ns)    Netlist Resource(s)
  -------------------------------------------------------------------    -------------------
                         (clock sys_clk_pin rise edge)
                                                      0.000     0.000 r  
    K17                                               0.000     0.000 r  clk (IN)
                         net (fo=0)                   0.000     0.000    clk
    K17                  IBUF (Prop_ibuf_I_O)         1.492     1.492 r  clk_IBUF_inst/O
                         net (fo=1, routed)           2.076     3.568    clk_IBUF
    BUFGCTRL_X0Y16       BUFG (Prop_bufg_I_O)         0.101     3.669 r  clk_IBUF_BUFG_inst/O
                         net (fo=96, routed)          1.755     5.424    dut_LCD_ST7735/clk_IBUF_BUFG
    SLICE_X36Y3          FDRE                                         r  dut_LCD_ST7735/LCD_SDA_reg/C
  -------------------------------------------------------------------    -------------------
    SLICE_X36Y3          FDRE (Prop_fdre_C_Q)         0.456     5.880 r  dut_LCD_ST7735/LCD_SDA_reg/Q
                         net (fo=1, routed)           2.075     7.955    LCD_SDA_OBUF
    W16                  OBUF (Prop_obuf_I_O)         3.531    11.486 r  LCD_SDA_OBUF_inst/O
                         net (fo=0)                   0.000    11.486    LCD_SDA
    W16                                                               r  LCD_SDA (OUT)
  -------------------------------------------------------------------    -------------------

Slack:                    inf
  Source:                 dut_LCD_ST7735/LCD_RESX_reg/C
                            (rising edge-triggered cell FDRE clocked by sys_clk_pin  {rise@0.000ns fall@10.000ns period=20.000ns})
  Destination:            LCD_RESX
                            (output port)
  Path Group:             (none)
  Path Type:              Max at Slow Process Corner
  Data Path Delay:        5.884ns  (logic 4.024ns (68.382%)  route 1.860ns (31.618%))
  Logic Levels:           1  (OBUF=1)
  Clock Uncertainty:      0.025ns  ((TSJ^2 + TIJ^2)^1/2 + DJ) / 2 + PE
    Total System Jitter     (TSJ):    0.050ns
    Total Input Jitter      (TIJ):    0.000ns
    Discrete Jitter          (DJ):    0.000ns
    Phase Error              (PE):    0.000ns

    Location             Delay type                Incr(ns)  Path(ns)    Netlist Resource(s)
  -------------------------------------------------------------------    -------------------
                         (clock sys_clk_pin rise edge)
                                                      0.000     0.000 r  
    K17                                               0.000     0.000 r  clk (IN)
                         net (fo=0)                   0.000     0.000    clk
    K17                  IBUF (Prop_ibuf_I_O)         1.492     1.492 r  clk_IBUF_inst/O
                         net (fo=1, routed)           2.076     3.568    clk_IBUF
    BUFGCTRL_X0Y16       BUFG (Prop_bufg_I_O)         0.101     3.669 r  clk_IBUF_BUFG_inst/O
                         net (fo=96, routed)          1.756     5.425    dut_LCD_ST7735/clk_IBUF_BUFG
    SLICE_X42Y8          FDRE                                         r  dut_LCD_ST7735/LCD_RESX_reg/C
  -------------------------------------------------------------------    -------------------
    SLICE_X42Y8          FDRE (Prop_fdre_C_Q)         0.518     5.943 r  dut_LCD_ST7735/LCD_RESX_reg/Q
                         net (fo=1, routed)           1.860     7.803    LCD_RESX_OBUF
    R16                  OBUF (Prop_obuf_I_O)         3.506    11.309 r  LCD_RESX_OBUF_inst/O
                         net (fo=0)                   0.000    11.309    LCD_RESX
    R16                                                               r  LCD_RESX (OUT)
  -------------------------------------------------------------------    -------------------

Slack:                    inf
  Source:                 dut_LCD_ST7735/LED_reg[5]/C
                            (rising edge-triggered cell FDRE clocked by sys_clk_pin  {rise@0.000ns fall@10.000ns period=20.000ns})
  Destination:            LED[5]
                            (output port)
  Path Group:             (none)
  Path Type:              Max at Slow Process Corner
  Data Path Delay:        5.862ns  (logic 4.003ns (68.285%)  route 1.859ns (31.715%))
  Logic Levels:           1  (OBUF=1)
  Clock Uncertainty:      0.025ns  ((TSJ^2 + TIJ^2)^1/2 + DJ) / 2 + PE
    Total System Jitter     (TSJ):    0.050ns
    Total Input Jitter      (TIJ):    0.000ns
    Discrete Jitter          (DJ):    0.000ns
    Phase Error              (PE):    0.000ns

    Location             Delay type                Incr(ns)  Path(ns)    Netlist Resource(s)
  -------------------------------------------------------------------    -------------------
                         (clock sys_clk_pin rise edge)
                                                      0.000     0.000 r  
    K17                                               0.000     0.000 r  clk (IN)
                         net (fo=0)                   0.000     0.000    clk
    K17                  IBUF (Prop_ibuf_I_O)         1.492     1.492 r  clk_IBUF_inst/O
                         net (fo=1, routed)           2.076     3.568    clk_IBUF
    BUFGCTRL_X0Y16       BUFG (Prop_bufg_I_O)         0.101     3.669 r  clk_IBUF_BUFG_inst/O
                         net (fo=96, routed)          1.754     5.423    dut_LCD_ST7735/clk_IBUF_BUFG
    SLICE_X40Y11         FDRE                                         r  dut_LCD_ST7735/LED_reg[5]/C
  -------------------------------------------------------------------    -------------------
    SLICE_X40Y11         FDRE (Prop_fdre_C_Q)         0.456     5.879 r  dut_LCD_ST7735/LED_reg[5]/Q
                         net (fo=1, routed)           1.859     7.738    LED_OBUF[3]
    W20                  OBUF (Prop_obuf_I_O)         3.547    11.284 r  LED_OBUF[5]_inst/O
                         net (fo=0)                   0.000    11.284    LED[5]
    W20                                                               r  LED[5] (OUT)
  -------------------------------------------------------------------    -------------------

Slack:                    inf
  Source:                 dut_LCD_ST7735/LCD_CSX_reg/C
                            (rising edge-triggered cell FDRE clocked by sys_clk_pin  {rise@0.000ns fall@10.000ns period=20.000ns})
  Destination:            LCD_CSX
                            (output port)
  Path Group:             (none)
  Path Type:              Max at Slow Process Corner
  Data Path Delay:        5.828ns  (logic 3.964ns (68.019%)  route 1.864ns (31.981%))
  Logic Levels:           1  (OBUF=1)
  Clock Uncertainty:      0.025ns  ((TSJ^2 + TIJ^2)^1/2 + DJ) / 2 + PE
    Total System Jitter     (TSJ):    0.050ns
    Total Input Jitter      (TIJ):    0.000ns
    Discrete Jitter          (DJ):    0.000ns
    Phase Error              (PE):    0.000ns

    Location             Delay type                Incr(ns)  Path(ns)    Netlist Resource(s)
  -------------------------------------------------------------------    -------------------
                         (clock sys_clk_pin rise edge)
                                                      0.000     0.000 r  
    K17                                               0.000     0.000 r  clk (IN)
                         net (fo=0)                   0.000     0.000    clk
    K17                  IBUF (Prop_ibuf_I_O)         1.492     1.492 r  clk_IBUF_inst/O
                         net (fo=1, routed)           2.076     3.568    clk_IBUF
    BUFGCTRL_X0Y16       BUFG (Prop_bufg_I_O)         0.101     3.669 r  clk_IBUF_BUFG_inst/O
                         net (fo=96, routed)          1.757     5.426    dut_LCD_ST7735/clk_IBUF_BUFG
    SLICE_X40Y6          FDRE                                         r  dut_LCD_ST7735/LCD_CSX_reg/C
  -------------------------------------------------------------------    -------------------
    SLICE_X40Y6          FDRE (Prop_fdre_C_Q)         0.456     5.882 r  dut_LCD_ST7735/LCD_CSX_reg/Q
                         net (fo=1, routed)           1.864     7.746    LCD_CSX_OBUF
    P16                  OBUF (Prop_obuf_I_O)         3.508    11.254 r  LCD_CSX_OBUF_inst/O
                         net (fo=0)                   0.000    11.254    LCD_CSX
    P16                                                               r  LCD_CSX (OUT)
  -------------------------------------------------------------------    -------------------

Slack:                    inf
  Source:                 dut_LCD_ST7735/LED_reg[7]/C
                            (rising edge-triggered cell FDRE clocked by sys_clk_pin  {rise@0.000ns fall@10.000ns period=20.000ns})
  Destination:            LED[7]
                            (output port)
  Path Group:             (none)
  Path Type:              Max at Slow Process Corner
  Data Path Delay:        5.781ns  (logic 3.968ns (68.641%)  route 1.813ns (31.359%))
  Logic Levels:           1  (OBUF=1)
  Clock Uncertainty:      0.025ns  ((TSJ^2 + TIJ^2)^1/2 + DJ) / 2 + PE
    Total System Jitter     (TSJ):    0.050ns
    Total Input Jitter      (TIJ):    0.000ns
    Discrete Jitter          (DJ):    0.000ns
    Phase Error              (PE):    0.000ns

    Location             Delay type                Incr(ns)  Path(ns)    Netlist Resource(s)
  -------------------------------------------------------------------    -------------------
                         (clock sys_clk_pin rise edge)
                                                      0.000     0.000 r  
    K17                                               0.000     0.000 r  clk (IN)
                         net (fo=0)                   0.000     0.000    clk
    K17                  IBUF (Prop_ibuf_I_O)         1.492     1.492 r  clk_IBUF_inst/O
                         net (fo=1, routed)           2.076     3.568    clk_IBUF
    BUFGCTRL_X0Y16       BUFG (Prop_bufg_I_O)         0.101     3.669 r  clk_IBUF_BUFG_inst/O
                         net (fo=96, routed)          1.755     5.424    dut_LCD_ST7735/clk_IBUF_BUFG
    SLICE_X40Y9          FDRE                                         r  dut_LCD_ST7735/LED_reg[7]/C
  -------------------------------------------------------------------    -------------------
    SLICE_X40Y9          FDRE (Prop_fdre_C_Q)         0.456     5.880 r  dut_LCD_ST7735/LED_reg[7]/Q
                         net (fo=1, routed)           1.813     7.693    LED_OBUF[7]
    T17                  OBUF (Prop_obuf_I_O)         3.512    11.205 r  LED_OBUF[7]_inst/O
                         net (fo=0)                   0.000    11.205    LED[7]
    T17                                                               r  LED[7] (OUT)
  -------------------------------------------------------------------    -------------------

Slack:                    inf
  Source:                 dut_clk_module/LCD_SCK_reg/C
                            (rising edge-triggered cell FDRE clocked by sys_clk_pin  {rise@0.000ns fall@10.000ns period=20.000ns})
  Destination:            LCD_SCK
                            (output port)
  Path Group:             (none)
  Path Type:              Max at Slow Process Corner
  Data Path Delay:        5.722ns  (logic 3.970ns (69.382%)  route 1.752ns (30.618%))
  Logic Levels:           1  (OBUF=1)
  Clock Uncertainty:      0.025ns  ((TSJ^2 + TIJ^2)^1/2 + DJ) / 2 + PE
    Total System Jitter     (TSJ):    0.050ns
    Total Input Jitter      (TIJ):    0.000ns
    Discrete Jitter          (DJ):    0.000ns
    Phase Error              (PE):    0.000ns

    Location             Delay type                Incr(ns)  Path(ns)    Netlist Resource(s)
  -------------------------------------------------------------------    -------------------
                         (clock sys_clk_pin rise edge)
                                                      0.000     0.000 r  
    K17                                               0.000     0.000 r  clk (IN)
                         net (fo=0)                   0.000     0.000    clk
    K17                  IBUF (Prop_ibuf_I_O)         1.492     1.492 r  clk_IBUF_inst/O
                         net (fo=1, routed)           2.076     3.568    clk_IBUF
    BUFGCTRL_X0Y16       BUFG (Prop_bufg_I_O)         0.101     3.669 r  clk_IBUF_BUFG_inst/O
                         net (fo=96, routed)          1.753     5.422    dut_clk_module/clk_IBUF_BUFG
    SLICE_X40Y12         FDRE                                         r  dut_clk_module/LCD_SCK_reg/C
  -------------------------------------------------------------------    -------------------
    SLICE_X40Y12         FDRE (Prop_fdre_C_Q)         0.456     5.878 r  dut_clk_module/LCD_SCK_reg/Q
                         net (fo=6, routed)           1.752     7.630    LCD_SCK_OBUF
    R18                  OBUF (Prop_obuf_I_O)         3.514    11.143 r  LCD_SCK_OBUF_inst/O
                         net (fo=0)                   0.000    11.143    LCD_SCK
    R18                                                               r  LCD_SCK (OUT)
  -------------------------------------------------------------------    -------------------

Slack:                    inf
  Source:                 dut_LCD_ST7735/LED_reg[6]/C
                            (rising edge-triggered cell FDRE clocked by sys_clk_pin  {rise@0.000ns fall@10.000ns period=20.000ns})
  Destination:            LED[6]
                            (output port)
  Path Group:             (none)
  Path Type:              Max at Slow Process Corner
  Data Path Delay:        5.651ns  (logic 3.958ns (70.037%)  route 1.693ns (29.963%))
  Logic Levels:           1  (OBUF=1)
  Clock Uncertainty:      0.025ns  ((TSJ^2 + TIJ^2)^1/2 + DJ) / 2 + PE
    Total System Jitter     (TSJ):    0.050ns
    Total Input Jitter      (TIJ):    0.000ns
    Discrete Jitter          (DJ):    0.000ns
    Phase Error              (PE):    0.000ns

    Location             Delay type                Incr(ns)  Path(ns)    Netlist Resource(s)
  -------------------------------------------------------------------    -------------------
                         (clock sys_clk_pin rise edge)
                                                      0.000     0.000 r  
    K17                                               0.000     0.000 r  clk (IN)
                         net (fo=0)                   0.000     0.000    clk
    K17                  IBUF (Prop_ibuf_I_O)         1.492     1.492 r  clk_IBUF_inst/O
                         net (fo=1, routed)           2.076     3.568    clk_IBUF
    BUFGCTRL_X0Y16       BUFG (Prop_bufg_I_O)         0.101     3.669 r  clk_IBUF_BUFG_inst/O
                         net (fo=96, routed)          1.754     5.423    dut_LCD_ST7735/clk_IBUF_BUFG
    SLICE_X40Y11         FDRE                                         r  dut_LCD_ST7735/LED_reg[6]/C
  -------------------------------------------------------------------    -------------------
    SLICE_X40Y11         FDRE (Prop_fdre_C_Q)         0.456     5.879 r  dut_LCD_ST7735/LED_reg[6]/Q
                         net (fo=1, routed)           1.693     7.572    LED_OBUF[6]
    R17                  OBUF (Prop_obuf_I_O)         3.502    11.074 r  LED_OBUF[6]_inst/O
                         net (fo=0)                   0.000    11.074    LED[6]
    R17                                                               r  LED[6] (OUT)
  -------------------------------------------------------------------    -------------------





Min Delay Paths
--------------------------------------------------------------------------------------
Slack:                    inf
  Source:                 dut_LCD_ST7735/LED_reg[6]/C
                            (rising edge-triggered cell FDRE clocked by sys_clk_pin  {rise@0.000ns fall@10.000ns period=20.000ns})
  Destination:            LED[6]
                            (output port)
  Path Group:             (none)
  Path Type:              Min at Fast Process Corner
  Data Path Delay:        1.685ns  (logic 1.344ns (79.754%)  route 0.341ns (20.246%))
  Logic Levels:           1  (OBUF=1)
  Clock Uncertainty:      0.025ns  ((TSJ^2 + TIJ^2)^1/2 + DJ) / 2 + PE
    Total System Jitter     (TSJ):    0.050ns
    Total Input Jitter      (TIJ):    0.000ns
    Discrete Jitter          (DJ):    0.000ns
    Phase Error              (PE):    0.000ns

    Location             Delay type                Incr(ns)  Path(ns)    Netlist Resource(s)
  -------------------------------------------------------------------    -------------------
                         (clock sys_clk_pin rise edge)
                                                      0.000     0.000 r  
    K17                                               0.000     0.000 r  clk (IN)
                         net (fo=0)                   0.000     0.000    clk
    K17                  IBUF (Prop_ibuf_I_O)         0.259     0.259 r  clk_IBUF_inst/O
                         net (fo=1, routed)           0.627     0.887    clk_IBUF
    BUFGCTRL_X0Y16       BUFG (Prop_bufg_I_O)         0.026     0.913 r  clk_IBUF_BUFG_inst/O
                         net (fo=96, routed)          0.592     1.504    dut_LCD_ST7735/clk_IBUF_BUFG
    SLICE_X40Y11         FDRE                                         r  dut_LCD_ST7735/LED_reg[6]/C
  -------------------------------------------------------------------    -------------------
    SLICE_X40Y11         FDRE (Prop_fdre_C_Q)         0.141     1.645 r  dut_LCD_ST7735/LED_reg[6]/Q
                         net (fo=1, routed)           0.341     1.986    LED_OBUF[6]
    R17                  OBUF (Prop_obuf_I_O)         1.203     3.189 r  LED_OBUF[6]_inst/O
                         net (fo=0)                   0.000     3.189    LED[6]
    R17                                                               r  LED[6] (OUT)
  -------------------------------------------------------------------    -------------------

Slack:                    inf
  Source:                 dut_LCD_ST7735/LED_reg[7]/C
                            (rising edge-triggered cell FDRE clocked by sys_clk_pin  {rise@0.000ns fall@10.000ns period=20.000ns})
  Destination:            LED[7]
                            (output port)
  Path Group:             (none)
  Path Type:              Min at Fast Process Corner
  Data Path Delay:        1.734ns  (logic 1.355ns (78.137%)  route 0.379ns (21.863%))
  Logic Levels:           1  (OBUF=1)
  Clock Uncertainty:      0.025ns  ((TSJ^2 + TIJ^2)^1/2 + DJ) / 2 + PE
    Total System Jitter     (TSJ):    0.050ns
    Total Input Jitter      (TIJ):    0.000ns
    Discrete Jitter          (DJ):    0.000ns
    Phase Error              (PE):    0.000ns

    Location             Delay type                Incr(ns)  Path(ns)    Netlist Resource(s)
  -------------------------------------------------------------------    -------------------
                         (clock sys_clk_pin rise edge)
                                                      0.000     0.000 r  
    K17                                               0.000     0.000 r  clk (IN)
                         net (fo=0)                   0.000     0.000    clk
    K17                  IBUF (Prop_ibuf_I_O)         0.259     0.259 r  clk_IBUF_inst/O
                         net (fo=1, routed)           0.627     0.887    clk_IBUF
    BUFGCTRL_X0Y16       BUFG (Prop_bufg_I_O)         0.026     0.913 r  clk_IBUF_BUFG_inst/O
                         net (fo=96, routed)          0.593     1.505    dut_LCD_ST7735/clk_IBUF_BUFG
    SLICE_X40Y9          FDRE                                         r  dut_LCD_ST7735/LED_reg[7]/C
  -------------------------------------------------------------------    -------------------
    SLICE_X40Y9          FDRE (Prop_fdre_C_Q)         0.141     1.646 r  dut_LCD_ST7735/LED_reg[7]/Q
                         net (fo=1, routed)           0.379     2.025    LED_OBUF[7]
    T17                  OBUF (Prop_obuf_I_O)         1.214     3.239 r  LED_OBUF[7]_inst/O
                         net (fo=0)                   0.000     3.239    LED[7]
    T17                                                               r  LED[7] (OUT)
  -------------------------------------------------------------------    -------------------

Slack:                    inf
  Source:                 dut_clk_module/LCD_SCK_reg/C
                            (rising edge-triggered cell FDRE clocked by sys_clk_pin  {rise@0.000ns fall@10.000ns period=20.000ns})
  Destination:            LCD_SCK
                            (output port)
  Path Group:             (none)
  Path Type:              Min at Fast Process Corner
  Data Path Delay:        1.737ns  (logic 1.356ns (78.070%)  route 0.381ns (21.930%))
  Logic Levels:           1  (OBUF=1)
  Clock Uncertainty:      0.025ns  ((TSJ^2 + TIJ^2)^1/2 + DJ) / 2 + PE
    Total System Jitter     (TSJ):    0.050ns
    Total Input Jitter      (TIJ):    0.000ns
    Discrete Jitter          (DJ):    0.000ns
    Phase Error              (PE):    0.000ns

    Location             Delay type                Incr(ns)  Path(ns)    Netlist Resource(s)
  -------------------------------------------------------------------    -------------------
                         (clock sys_clk_pin rise edge)
                                                      0.000     0.000 r  
    K17                                               0.000     0.000 r  clk (IN)
                         net (fo=0)                   0.000     0.000    clk
    K17                  IBUF (Prop_ibuf_I_O)         0.259     0.259 r  clk_IBUF_inst/O
                         net (fo=1, routed)           0.627     0.887    clk_IBUF
    BUFGCTRL_X0Y16       BUFG (Prop_bufg_I_O)         0.026     0.913 r  clk_IBUF_BUFG_inst/O
                         net (fo=96, routed)          0.591     1.503    dut_clk_module/clk_IBUF_BUFG
    SLICE_X40Y12         FDRE                                         r  dut_clk_module/LCD_SCK_reg/C
  -------------------------------------------------------------------    -------------------
    SLICE_X40Y12         FDRE (Prop_fdre_C_Q)         0.141     1.644 r  dut_clk_module/LCD_SCK_reg/Q
                         net (fo=6, routed)           0.381     2.025    LCD_SCK_OBUF
    R18                  OBUF (Prop_obuf_I_O)         1.215     3.240 r  LCD_SCK_OBUF_inst/O
                         net (fo=0)                   0.000     3.240    LCD_SCK
    R18                                                               r  LCD_SCK (OUT)
  -------------------------------------------------------------------    -------------------

Slack:                    inf
  Source:                 dut_LCD_ST7735/LCD_CSX_reg/C
                            (rising edge-triggered cell FDRE clocked by sys_clk_pin  {rise@0.000ns fall@10.000ns period=20.000ns})
  Destination:            LCD_CSX
                            (output port)
  Path Group:             (none)
  Path Type:              Min at Fast Process Corner
  Data Path Delay:        1.751ns  (logic 1.350ns (77.108%)  route 0.401ns (22.892%))
  Logic Levels:           1  (OBUF=1)
  Clock Uncertainty:      0.025ns  ((TSJ^2 + TIJ^2)^1/2 + DJ) / 2 + PE
    Total System Jitter     (TSJ):    0.050ns
    Total Input Jitter      (TIJ):    0.000ns
    Discrete Jitter          (DJ):    0.000ns
    Phase Error              (PE):    0.000ns

    Location             Delay type                Incr(ns)  Path(ns)    Netlist Resource(s)
  -------------------------------------------------------------------    -------------------
                         (clock sys_clk_pin rise edge)
                                                      0.000     0.000 r  
    K17                                               0.000     0.000 r  clk (IN)
                         net (fo=0)                   0.000     0.000    clk
    K17                  IBUF (Prop_ibuf_I_O)         0.259     0.259 r  clk_IBUF_inst/O
                         net (fo=1, routed)           0.627     0.887    clk_IBUF
    BUFGCTRL_X0Y16       BUFG (Prop_bufg_I_O)         0.026     0.913 r  clk_IBUF_BUFG_inst/O
                         net (fo=96, routed)          0.594     1.506    dut_LCD_ST7735/clk_IBUF_BUFG
    SLICE_X40Y6          FDRE                                         r  dut_LCD_ST7735/LCD_CSX_reg/C
  -------------------------------------------------------------------    -------------------
    SLICE_X40Y6          FDRE (Prop_fdre_C_Q)         0.141     1.647 r  dut_LCD_ST7735/LCD_CSX_reg/Q
                         net (fo=1, routed)           0.401     2.048    LCD_CSX_OBUF
    P16                  OBUF (Prop_obuf_I_O)         1.209     3.257 r  LCD_CSX_OBUF_inst/O
                         net (fo=0)                   0.000     3.257    LCD_CSX
    P16                                                               r  LCD_CSX (OUT)
  -------------------------------------------------------------------    -------------------

Slack:                    inf
  Source:                 dut_LCD_ST7735/LCD_RESX_reg/C
                            (rising edge-triggered cell FDRE clocked by sys_clk_pin  {rise@0.000ns fall@10.000ns period=20.000ns})
  Destination:            LCD_RESX
                            (output port)
  Path Group:             (none)
  Path Type:              Min at Fast Process Corner
  Data Path Delay:        1.784ns  (logic 1.371ns (76.828%)  route 0.413ns (23.172%))
  Logic Levels:           1  (OBUF=1)
  Clock Uncertainty:      0.025ns  ((TSJ^2 + TIJ^2)^1/2 + DJ) / 2 + PE
    Total System Jitter     (TSJ):    0.050ns
    Total Input Jitter      (TIJ):    0.000ns
    Discrete Jitter          (DJ):    0.000ns
    Phase Error              (PE):    0.000ns

    Location             Delay type                Incr(ns)  Path(ns)    Netlist Resource(s)
  -------------------------------------------------------------------    -------------------
                         (clock sys_clk_pin rise edge)
                                                      0.000     0.000 r  
    K17                                               0.000     0.000 r  clk (IN)
                         net (fo=0)                   0.000     0.000    clk
    K17                  IBUF (Prop_ibuf_I_O)         0.259     0.259 r  clk_IBUF_inst/O
                         net (fo=1, routed)           0.627     0.887    clk_IBUF
    BUFGCTRL_X0Y16       BUFG (Prop_bufg_I_O)         0.026     0.913 r  clk_IBUF_BUFG_inst/O
                         net (fo=96, routed)          0.593     1.505    dut_LCD_ST7735/clk_IBUF_BUFG
    SLICE_X42Y8          FDRE                                         r  dut_LCD_ST7735/LCD_RESX_reg/C
  -------------------------------------------------------------------    -------------------
    SLICE_X42Y8          FDRE (Prop_fdre_C_Q)         0.164     1.669 r  dut_LCD_ST7735/LCD_RESX_reg/Q
                         net (fo=1, routed)           0.413     2.083    LCD_RESX_OBUF
    R16                  OBUF (Prop_obuf_I_O)         1.207     3.290 r  LCD_RESX_OBUF_inst/O
                         net (fo=0)                   0.000     3.290    LCD_RESX
    R16                                                               r  LCD_RESX (OUT)
  -------------------------------------------------------------------    -------------------

Slack:                    inf
  Source:                 dut_LCD_ST7735/LED_reg[5]/C
                            (rising edge-triggered cell FDRE clocked by sys_clk_pin  {rise@0.000ns fall@10.000ns period=20.000ns})
  Destination:            LED[5]
                            (output port)
  Path Group:             (none)
  Path Type:              Min at Fast Process Corner
  Data Path Delay:        1.801ns  (logic 1.388ns (77.071%)  route 0.413ns (22.929%))
  Logic Levels:           1  (OBUF=1)
  Clock Uncertainty:      0.025ns  ((TSJ^2 + TIJ^2)^1/2 + DJ) / 2 + PE
    Total System Jitter     (TSJ):    0.050ns
    Total Input Jitter      (TIJ):    0.000ns
    Discrete Jitter          (DJ):    0.000ns
    Phase Error              (PE):    0.000ns

    Location             Delay type                Incr(ns)  Path(ns)    Netlist Resource(s)
  -------------------------------------------------------------------    -------------------
                         (clock sys_clk_pin rise edge)
                                                      0.000     0.000 r  
    K17                                               0.000     0.000 r  clk (IN)
                         net (fo=0)                   0.000     0.000    clk
    K17                  IBUF (Prop_ibuf_I_O)         0.259     0.259 r  clk_IBUF_inst/O
                         net (fo=1, routed)           0.627     0.887    clk_IBUF
    BUFGCTRL_X0Y16       BUFG (Prop_bufg_I_O)         0.026     0.913 r  clk_IBUF_BUFG_inst/O
                         net (fo=96, routed)          0.592     1.504    dut_LCD_ST7735/clk_IBUF_BUFG
    SLICE_X40Y11         FDRE                                         r  dut_LCD_ST7735/LED_reg[5]/C
  -------------------------------------------------------------------    -------------------
    SLICE_X40Y11         FDRE (Prop_fdre_C_Q)         0.141     1.645 r  dut_LCD_ST7735/LED_reg[5]/Q
                         net (fo=1, routed)           0.413     2.058    LED_OBUF[3]
    W20                  OBUF (Prop_obuf_I_O)         1.247     3.306 r  LED_OBUF[5]_inst/O
                         net (fo=0)                   0.000     3.306    LED[5]
    W20                                                               r  LED[5] (OUT)
  -------------------------------------------------------------------    -------------------

Slack:                    inf
  Source:                 dut_LCD_ST7735/LCD_SDA_reg/C
                            (rising edge-triggered cell FDRE clocked by sys_clk_pin  {rise@0.000ns fall@10.000ns period=20.000ns})
  Destination:            LCD_SDA
                            (output port)
  Path Group:             (none)
  Path Type:              Min at Fast Process Corner
  Data Path Delay:        1.887ns  (logic 1.373ns (72.739%)  route 0.514ns (27.261%))
  Logic Levels:           1  (OBUF=1)
  Clock Uncertainty:      0.025ns  ((TSJ^2 + TIJ^2)^1/2 + DJ) / 2 + PE
    Total System Jitter     (TSJ):    0.050ns
    Total Input Jitter      (TIJ):    0.000ns
    Discrete Jitter          (DJ):    0.000ns
    Phase Error              (PE):    0.000ns

    Location             Delay type                Incr(ns)  Path(ns)    Netlist Resource(s)
  -------------------------------------------------------------------    -------------------
                         (clock sys_clk_pin rise edge)
                                                      0.000     0.000 r  
    K17                                               0.000     0.000 r  clk (IN)
                         net (fo=0)                   0.000     0.000    clk
    K17                  IBUF (Prop_ibuf_I_O)         0.259     0.259 r  clk_IBUF_inst/O
                         net (fo=1, routed)           0.627     0.887    clk_IBUF
    BUFGCTRL_X0Y16       BUFG (Prop_bufg_I_O)         0.026     0.913 r  clk_IBUF_BUFG_inst/O
                         net (fo=96, routed)          0.592     1.504    dut_LCD_ST7735/clk_IBUF_BUFG
    SLICE_X36Y3          FDRE                                         r  dut_LCD_ST7735/LCD_SDA_reg/C
  -------------------------------------------------------------------    -------------------
    SLICE_X36Y3          FDRE (Prop_fdre_C_Q)         0.141     1.645 r  dut_LCD_ST7735/LCD_SDA_reg/Q
                         net (fo=1, routed)           0.514     2.160    LCD_SDA_OBUF
    W16                  OBUF (Prop_obuf_I_O)         1.232     3.391 r  LCD_SDA_OBUF_inst/O
                         net (fo=0)                   0.000     3.391    LCD_SDA
    W16                                                               r  LCD_SDA (OUT)
  -------------------------------------------------------------------    -------------------

Slack:                    inf
  Source:                 dut_LCD_ST7735/LED_reg[5]_lopt_replica/C
                            (rising edge-triggered cell FDRE clocked by sys_clk_pin  {rise@0.000ns fall@10.000ns period=20.000ns})
  Destination:            LED[3]
                            (output port)
  Path Group:             (none)
  Path Type:              Min at Fast Process Corner
  Data Path Delay:        1.907ns  (logic 1.415ns (74.221%)  route 0.492ns (25.779%))
  Logic Levels:           1  (OBUF=1)
  Clock Uncertainty:      0.025ns  ((TSJ^2 + TIJ^2)^1/2 + DJ) / 2 + PE
    Total System Jitter     (TSJ):    0.050ns
    Total Input Jitter      (TIJ):    0.000ns
    Discrete Jitter          (DJ):    0.000ns
    Phase Error              (PE):    0.000ns

    Location             Delay type                Incr(ns)  Path(ns)    Netlist Resource(s)
  -------------------------------------------------------------------    -------------------
                         (clock sys_clk_pin rise edge)
                                                      0.000     0.000 r  
    K17                                               0.000     0.000 r  clk (IN)
                         net (fo=0)                   0.000     0.000    clk
    K17                  IBUF (Prop_ibuf_I_O)         0.259     0.259 r  clk_IBUF_inst/O
                         net (fo=1, routed)           0.627     0.887    clk_IBUF
    BUFGCTRL_X0Y16       BUFG (Prop_bufg_I_O)         0.026     0.913 r  clk_IBUF_BUFG_inst/O
                         net (fo=96, routed)          0.592     1.504    dut_LCD_ST7735/clk_IBUF_BUFG
    SLICE_X40Y11         FDRE                                         r  dut_LCD_ST7735/LED_reg[5]_lopt_replica/C
  -------------------------------------------------------------------    -------------------
    SLICE_X40Y11         FDRE (Prop_fdre_C_Q)         0.128     1.632 r  dut_LCD_ST7735/LED_reg[5]_lopt_replica/Q
                         net (fo=1, routed)           0.492     2.124    lopt
    U20                  OBUF (Prop_obuf_I_O)         1.287     3.411 r  LED_OBUF[3]_inst/O
                         net (fo=0)                   0.000     3.411    LED[3]
    U20                                                               r  LED[3] (OUT)
  -------------------------------------------------------------------    -------------------

Slack:                    inf
  Source:                 dut_LCD_ST7735/LCD_DCX_reg/C
                            (rising edge-triggered cell FDRE clocked by sys_clk_pin  {rise@0.000ns fall@10.000ns period=20.000ns})
  Destination:            LCD_DCX
                            (output port)
  Path Group:             (none)
  Path Type:              Min at Fast Process Corner
  Data Path Delay:        2.227ns  (logic 1.424ns (63.970%)  route 0.802ns (36.030%))
  Logic Levels:           1  (OBUF=1)
  Clock Uncertainty:      0.025ns  ((TSJ^2 + TIJ^2)^1/2 + DJ) / 2 + PE
    Total System Jitter     (TSJ):    0.050ns
    Total Input Jitter      (TIJ):    0.000ns
    Discrete Jitter          (DJ):    0.000ns
    Phase Error              (PE):    0.000ns

    Location             Delay type                Incr(ns)  Path(ns)    Netlist Resource(s)
  -------------------------------------------------------------------    -------------------
                         (clock sys_clk_pin rise edge)
                                                      0.000     0.000 r  
    K17                                               0.000     0.000 r  clk (IN)
                         net (fo=0)                   0.000     0.000    clk
    K17                  IBUF (Prop_ibuf_I_O)         0.259     0.259 r  clk_IBUF_inst/O
                         net (fo=1, routed)           0.627     0.887    clk_IBUF
    BUFGCTRL_X0Y16       BUFG (Prop_bufg_I_O)         0.026     0.913 r  clk_IBUF_BUFG_inst/O
                         net (fo=96, routed)          0.592     1.504    dut_LCD_ST7735/clk_IBUF_BUFG
    SLICE_X39Y5          FDRE                                         r  dut_LCD_ST7735/LCD_DCX_reg/C
  -------------------------------------------------------------------    -------------------
    SLICE_X39Y5          FDRE (Prop_fdre_C_Q)         0.141     1.645 r  dut_LCD_ST7735/LCD_DCX_reg/Q
                         net (fo=1, routed)           0.802     2.447    LCD_DCX_OBUF
    T16                  OBUF (Prop_obuf_I_O)         1.283     3.731 r  LCD_DCX_OBUF_inst/O
                         net (fo=0)                   0.000     3.731    LCD_DCX
    T16                                                               r  LCD_DCX (OUT)
  -------------------------------------------------------------------    -------------------





